Conta,Categoria,Direcao,Slot_15min,Insight_Delivered_Msgs,Insight_Failed_Msgs,Insight_Undelivered_Msgs,Insight_Sent_Msgs,Insight_Delivery_Unknown_Msgs,Insight_Total_Msgs,Extraido_Utc
NS,Recuperação,outbound,2026-09-09 00:15,25,1,1,0,0,27,2026-09-12T00:20:16Z
NS,Recuperação,outbound,2026-09-09 00:30,31,0,0,0,0,31,2026-09-12T00:20:16Z
NS,Recuperação,outbound,2026-09-09 00:45,23,0,1,0,0,24,2026-09-12T00:20:16Z
NS,Recuperação,outbound,2026-09-09 01:00,34,1,0,0,0,35,2026-09-12T00:20:16Z
NS,Recuperação,outbound,2026-09-09 01:15,36,0,0,0,0,36,2026-09-12T00:20:16Z
NS,Recuperação,outbound,2026-09-09 01:30,31,0,0,0,0,31,2026-09-12T00:20:16Z
Rafa,Broadcast,outbound,2026-09-09 01:30,1,0,0,0,0,1,2026-09-12T00:20:15Z
NS,Recuperação,outbound,2026-09-09 01:45,38,3,1,3,0,45,2026-09-12T00:20:16Z
Rafa,Broadcast,outbound,2026-09-09 01:45,1,0,0,0,0,1,2026-09-12T00:20:15Z
NS,Recuperação,outbound,2026-09-09 02:00,60,3,1,1,0,65,2026-09-12T00:20:16Z
NS,Recuperação,outbound,2026-09-09 02:15,36,0,1,0,0,37,2026-09-12T00:20:16Z
NS,Recuperação,outbound,2026-09-09 02:30,29,0,1,0,0,30,2026-09-12T00:20:16Z
NS,Recuperação,outbound,2026-09-09 02:45,54,0,1,0,0,55,2026-09-12T00:20:16Z
NS,Recuperação,outbound,2026-09-09 03:00,47,0,1,0,0,48,2026-09-12T00:20:16Z
NS,Recuperação,outbound,2026-09-09 03:15,32,0,1,0,0,33,2026-09-12T00:20:16Z
NS,Recuperação,outbound,2026-09-09 03:30,32,0,1,0,0,33,2026-09-12T00:20:16Z
NS,Recuperação,outbound,2026-09-09 03:45,20,0,0,0,0,20,2026-09-12T00:20:16Z
NS,Recuperação,outbound,2026-09-09 04:00,26,0,0,0,0,26,2026-09-12T00:20:16Z
NS,Recuperação,outbound,2026-09-09 04:15,25,0,0,1,0,26,2026-09-12T00:20:16Z
Naturemove,Standby,outbound,2026-09-09 04:15,1245,0,23,11,0,1279,2026-09-12T00:20:52Z
NS,Recuperação,outbound,2026-09-09 04:30,35,0,0,0,0,35,2026-09-12T00:20:16Z
Naturemove,Standby,outbound,2026-09-09 04:30,1519,54,66,21,0,1660,2026-09-12T00:20:52Z
Rafa,Broadcast,outbound,2026-09-09 04:30,1,0,0,0,0,1,2026-09-12T00:20:15Z
NS,Recuperação,outbound,2026-09-09 04:45,24,0,1,0,0,25,2026-09-12T00:20:16Z
Naturemove,Standby,outbound,2026-09-09 04:45,1570,70,45,23,0,1708,2026-09-12T00:20:52Z
NS,Recuperação,outbound,2026-09-09 05:00,30,0,0,0,0,30,2026-09-12T00:20:16Z
Naturemove,Standby,outbound,2026-09-09 05:00,1387,50,40,21,0,1498,2026-09-12T00:20:52Z
NS,Recuperação,outbound,2026-09-09 05:15,29,0,2,1,0,32,2026-09-12T00:20:16Z
Naturemove,Standby,outbound,2026-09-09 05:15,2344,90,74,39,0,2547,2026-09-12T00:20:52Z
NS,Recuperação,outbound,2026-09-09 05:30,26,0,1,0,0,27,2026-09-12T00:20:16Z
Naturemove,Standby,outbound,2026-09-09 05:30,2349,101,73,38,0,2561,2026-09-12T00:20:52Z
NS,Recuperação,outbound,2026-09-09 05:45,29,0,0,0,0,29,2026-09-12T00:20:16Z
Naturemove,Standby,outbound,2026-09-09 05:45,2353,87,68,33,0,2541,2026-09-12T00:20:52Z
NS,Recuperação,outbound,2026-09-09 06:00,38,0,0,0,0,38,2026-09-12T00:20:16Z
Naturemove,Standby,outbound,2026-09-09 06:00,2352,81,87,23,0,2543,2026-09-12T00:20:52Z
NS,Recuperação,outbound,2026-09-09 06:15,29,0,0,0,0,29,2026-09-12T00:20:16Z
Naturemove,Standby,outbound,2026-09-09 06:15,2346,82,70,38,0,2536,2026-09-12T00:20:52Z
NS,Recuperação,outbound,2026-09-09 06:30,31,0,1,0,0,32,2026-09-12T00:20:16Z
Naturemove,Standby,outbound,2026-09-09 06:30,2327,62,90,31,0,2510,2026-09-12T00:20:52Z
NS,Recuperação,outbound,2026-09-09 06:45,21,0,0,0,0,21,2026-09-12T00:20:16Z
Naturemove,Standby,outbound,2026-09-09 06:45,2333,86,80,40,0,2539,2026-09-12T00:20:52Z
NS,Recuperação,outbound,2026-09-09 07:00,17,1,0,1,0,19,2026-09-12T00:20:16Z
Naturemove,Standby,outbound,2026-09-09 07:00,2332,88,90,34,0,2544,2026-09-12T00:20:52Z
NS,Recuperação,outbound,2026-09-09 07:15,15,1,0,0,0,16,2026-09-12T00:20:16Z
Naturemove,Standby,outbound,2026-09-09 07:15,2336,76,77,30,0,2519,2026-09-12T00:20:52Z
NS,Recuperação,outbound,2026-09-09 07:30,19,0,0,0,0,19,2026-09-12T00:20:16Z
Naturemove,Standby,outbound,2026-09-09 07:30,2342,65,83,26,0,2516,2026-09-12T00:20:52Z
Rafa,Broadcast,outbound,2026-09-09 07:30,2,0,0,0,0,2,2026-09-12T00:20:15Z
NS,Recuperação,outbound,2026-09-09 07:45,22,0,0,0,0,22,2026-09-12T00:20:16Z
Naturemove,Standby,outbound,2026-09-09 07:45,2339,78,81,37,0,2535,2026-09-12T00:20:52Z
Rafa,Broadcast,outbound,2026-09-09 07:45,1,0,0,0,0,1,2026-09-12T00:20:15Z
NS,Recuperação,outbound,2026-09-09 08:00,18,0,0,0,0,18,2026-09-12T00:20:16Z
Naturemove,Standby,outbound,2026-09-09 08:00,2344,68,69,32,0,2513,2026-09-12T00:20:52Z
Rafa,Broadcast,outbound,2026-09-09 08:00,0,1,0,0,0,1,2026-09-12T00:20:15Z
NS,Recuperação,outbound,2026-09-09 08:15,22,0,1,0,0,23,2026-09-12T00:20:16Z
Naturemove,Standby,outbound,2026-09-09 08:15,2363,82,60,31,0,2536,2026-09-12T00:20:52Z
NS,Recuperação,outbound,2026-09-09 08:30,22,0,0,0,0,22,2026-09-12T00:20:16Z
Naturemove,Standby,outbound,2026-09-09 08:30,2342,73,81,28,0,2524,2026-09-12T00:20:52Z
NS,Recuperação,outbound,2026-09-09 08:45,19,0,0,0,0,19,2026-09-12T00:20:16Z
Naturemove,Standby,outbound,2026-09-09 08:45,2349,77,77,27,0,2530,2026-09-12T00:20:52Z
Rafa,Broadcast,outbound,2026-09-09 08:45,1,0,0,0,0,1,2026-09-12T00:20:15Z
NS,Recuperação,outbound,2026-09-09 09:00,21,0,0,0,0,21,2026-09-12T00:20:16Z
Naturemove,Standby,outbound,2026-09-09 09:00,2346,78,67,37,0,2528,2026-09-12T00:20:52Z
NS,Recuperação,outbound,2026-09-09 09:15,19,0,0,0,0,19,2026-09-12T00:20:16Z
Naturemove,Standby,outbound,2026-09-09 09:15,2348,85,69,38,0,2540,2026-09-12T00:20:52Z
NS,Recuperação,outbound,2026-09-09 09:30,14,0,0,0,0,14,2026-09-12T00:20:16Z
Naturemove,Standby,outbound,2026-09-09 09:30,2343,86,74,29,0,2532,2026-09-12T00:20:52Z
Rafa,Broadcast,outbound,2026-09-09 09:30,1,0,0,0,0,1,2026-09-12T00:20:15Z
NS,Recuperação,outbound,2026-09-09 09:45,15,0,0,0,0,15,2026-09-12T00:20:16Z
Naturemove,Standby,outbound,2026-09-09 09:45,2335,71,89,27,0,2522,2026-09-12T00:20:52Z
NS,Recuperação,outbound,2026-09-09 10:00,18,0,0,0,0,18,2026-09-12T00:20:16Z
Naturemove,Standby,outbound,2026-09-09 10:00,2355,72,71,31,0,2529,2026-09-12T00:20:52Z
NS,Recuperação,outbound,2026-09-09 10:15,13,0,0,0,0,13,2026-09-12T00:20:16Z
Naturemove,Standby,outbound,2026-09-09 10:15,2336,69,78,37,0,2520,2026-09-12T00:20:52Z
NS,Recuperação,outbound,2026-09-09 10:30,21,0,0,0,0,21,2026-09-12T00:20:16Z
Naturemove,Standby,outbound,2026-09-09 10:30,2342,74,90,25,0,2531,2026-09-12T00:20:52Z
Rafa,Broadcast,outbound,2026-09-09 10:30,2,0,0,0,0,2,2026-09-12T00:20:15Z
NS,Recuperação,outbound,2026-09-09 10:45,24,0,0,0,0,24,2026-09-12T00:20:16Z
Naturemove,Standby,outbound,2026-09-09 10:45,2336,71,84,35,0,2526,2026-09-12T00:20:52Z
NS,Recuperação,outbound,2026-09-09 11:00,20,0,0,0,0,20,2026-09-12T00:20:16Z
Naturemove,Standby,outbound,2026-09-09 11:00,2330,72,83,38,0,2523,2026-09-12T00:20:52Z
NS,Recuperação,outbound,2026-09-09 11:15,18,1,0,0,0,19,2026-09-12T00:20:16Z
Naturemove,Standby,outbound,2026-09-09 11:15,2334,82,83,41,0,2540,2026-09-12T00:20:52Z
NS,Recuperação,outbound,2026-09-09 11:30,22,0,0,0,0,22,2026-09-12T00:20:16Z
Naturemove,Standby,outbound,2026-09-09 11:30,2336,82,89,28,0,2535,2026-09-12T00:20:52Z
NS,Recuperação,outbound,2026-09-09 11:45,26,0,0,0,0,26,2026-09-12T00:20:16Z
Naturemove,Standby,outbound,2026-09-09 11:45,2324,81,89,36,0,2530,2026-09-12T00:20:52Z
Rafa,Broadcast,outbound,2026-09-09 11:45,1,0,0,0,0,1,2026-09-12T00:20:15Z
NS,Recuperação,outbound,2026-09-09 12:00,28,0,0,0,0,28,2026-09-12T00:20:16Z
Naturemove,Standby,outbound,2026-09-09 12:00,2356,85,70,32,0,2543,2026-09-12T00:20:52Z
NS,Recuperação,outbound,2026-09-09 12:15,32,0,0,0,0,32,2026-09-12T00:20:16Z
Naturemove,Standby,outbound,2026-09-09 12:15,2347,79,77,32,0,2535,2026-09-12T00:20:52Z
Rafa,Broadcast,outbound,2026-09-09 12:15,0,1,0,0,0,1,2026-09-12T00:20:15Z
NS,Recuperação,outbound,2026-09-09 12:30,33,0,0,0,0,33,2026-09-12T00:20:16Z
Naturemove,Standby,outbound,2026-09-09 12:30,2338,70,81,36,0,2525,2026-09-12T00:20:52Z
Rafa,Broadcast,outbound,2026-09-09 12:30,1,0,0,0,0,1,2026-09-12T00:20:15Z
NS,Recuperação,outbound,2026-09-09 12:45,29,0,1,0,0,30,2026-09-12T00:20:16Z
Naturemove,Standby,outbound,2026-09-09 12:45,2336,82,85,33,0,2536,2026-09-12T00:20:52Z
NS,Recuperação,outbound,2026-09-09 13:00,38,0,0,0,0,38,2026-09-12T00:20:16Z
Naturemove,Standby,outbound,2026-09-09 13:00,2309,76,98,50,0,2533,2026-09-12T00:20:52Z
NS,Recuperação,outbound,2026-09-09 13:15,41,0,0,0,0,41,2026-09-12T00:20:16Z
Naturemove,Standby,outbound,2026-09-09 13:15,2336,94,86,37,0,2553,2026-09-12T00:20:52Z
NS,Recuperação,outbound,2026-09-09 13:30,30,0,0,1,0,31,2026-09-12T00:20:16Z
Naturemove,Standby,outbound,2026-09-09 13:30,2357,73,71,34,0,2535,2026-09-12T00:20:52Z
NS,Recuperação,outbound,2026-09-09 13:45,25,0,1,0,0,26,2026-09-12T00:20:16Z
Naturemove,Standby,outbound,2026-09-09 13:45,2349,71,74,38,0,2532,2026-09-12T00:20:52Z
NS,Recuperação,outbound,2026-09-09 14:00,61,0,1,1,0,63,2026-09-12T00:20:16Z
Naturemove,Standby,outbound,2026-09-09 14:00,2341,76,84,36,0,2537,2026-09-12T00:20:52Z
Rafa,Broadcast,outbound,2026-09-09 14:00,1,0,0,0,0,1,2026-09-12T00:20:15Z
NS,Recuperação,outbound,2026-09-09 14:15,35,0,0,1,0,36,2026-09-12T00:20:16Z
Naturemove,Standby,outbound,2026-09-09 14:15,2364,87,71,25,0,2547,2026-09-12T00:20:52Z
NS,Recuperação,outbound,2026-09-09 14:30,43,1,1,0,0,45,2026-09-12T00:20:16Z
Naturemove,Standby,outbound,2026-09-09 14:30,2325,84,82,50,0,2541,2026-09-12T00:20:52Z
NS,Recuperação,outbound,2026-09-09 14:45,51,2,0,1,0,54,2026-09-12T00:20:16Z
Naturemove,Standby,outbound,2026-09-09 14:45,2335,69,87,34,0,2525,2026-09-12T00:20:52Z
Richard,Standby,outbound,2026-09-09 14:45,2,15,0,0,0,17,2026-09-12T00:20:17Z
NS,Recuperação,outbound,2026-09-09 15:00,52,1,2,0,0,55,2026-09-12T00:20:16Z
Naturemove,Standby,outbound,2026-09-09 15:00,2303,86,84,70,0,2543,2026-09-12T00:20:52Z
NS,Recuperação,outbound,2026-09-09 15:15,41,0,1,0,0,42,2026-09-12T00:20:16Z
Naturemove,Standby,outbound,2026-09-09 15:15,2328,80,75,50,0,2533,2026-09-12T00:20:52Z
NS,Recuperação,outbound,2026-09-09 15:30,45,0,0,1,0,46,2026-09-12T00:20:16Z
Naturemove,Standby,outbound,2026-09-09 15:30,2329,83,94,40,0,2546,2026-09-12T00:20:52Z
Bernardo,Broadcast,outbound,2026-09-09 15:45,11415,34,2285,201,0,13935,2026-09-12T00:20:22Z
NS,Recuperação,outbound,2026-09-09 15:45,43,1,0,0,0,44,2026-09-12T00:20:16Z
Naturemove,Standby,outbound,2026-09-09 15:45,2335,89,73,45,0,2542,2026-09-12T00:20:52Z
Rafa,Broadcast,outbound,2026-09-09 15:45,348,12,21,6,0,387,2026-09-12T00:20:15Z
Rehableaf,Standby,outbound,2026-09-09 15:45,996,1,1531,19,0,2547,2026-09-12T00:20:16Z
Richard,Standby,outbound,2026-09-09 15:45,113,14,5376,2,0,5505,2026-09-12T00:20:17Z
Bernardo,Broadcast,outbound,2026-09-09 16:00,2972,49,189,290,0,3500,2026-09-12T00:20:22Z
Havenmove,Standby,outbound,2026-09-09 16:00,314,1,28,96,0,439,2026-09-12T00:20:18Z
NS,Recuperação,outbound,2026-09-09 16:00,32,0,1,4,0,37,2026-09-12T00:20:16Z
Naturemove,Standby,outbound,2026-09-09 16:00,4189,103,189,699,0,5180,2026-09-12T00:20:52Z
Rafa,Broadcast,outbound,2026-09-09 16:00,2198,0,129,352,0,2679,2026-09-12T00:20:15Z
Rehableaf,Standby,outbound,2026-09-09 16:00,2175,0,154,343,0,2672,2026-09-12T00:20:16Z
Richard,Standby,outbound,2026-09-09 16:00,5253,38,319,1181,0,6791,2026-09-12T00:20:17Z
Bernardo,Broadcast,outbound,2026-09-09 16:15,1828,14,121,45,0,2008,2026-09-12T00:20:22Z
Havenmove,Standby,outbound,2026-09-09 16:15,3720,19,274,878,0,4891,2026-09-12T00:20:18Z
Joao,Broadcast,outbound,2026-09-09 16:15,15657,187,448,180,0,16472,2026-09-12T00:20:18Z
NS,Recuperação,outbound,2026-09-09 16:15,50,1,1,0,0,52,2026-09-12T00:20:16Z
Naturemove,Standby,outbound,2026-09-09 16:15,1224,50,47,120,0,1441,2026-09-12T00:20:52Z
Rafa,Broadcast,outbound,2026-09-09 16:15,2822,376,143,163,0,3504,2026-09-12T00:20:15Z
Rehableaf,Standby,outbound,2026-09-09 16:15,3836,52,216,166,0,4270,2026-09-12T00:20:16Z
Richard,Standby,outbound,2026-09-09 16:15,3308,810,218,403,0,4739,2026-09-12T00:20:17Z
Bernardo,Broadcast,outbound,2026-09-09 16:30,1550,1438,13,13,0,3014,2026-09-12T00:20:22Z
Havenmove,Standby,outbound,2026-09-09 16:30,828,661,8,3,0,1500,2026-09-12T00:20:18Z
Joao,Broadcast,outbound,2026-09-09 16:30,10730,175,291,681,0,11877,2026-09-12T00:20:18Z
NS,Recuperação,outbound,2026-09-09 16:30,31,0,0,0,0,31,2026-09-12T00:20:16Z
Rafa,Broadcast,outbound,2026-09-09 16:30,3184,329,150,96,0,3759,2026-09-12T00:20:15Z
Rehableaf,Standby,outbound,2026-09-09 16:30,2796,28,141,107,0,3072,2026-09-12T00:20:16Z
Richard,Standby,outbound,2026-09-09 16:30,570,1040,5,2,0,1617,2026-09-12T00:20:17Z
Bernardo,Broadcast,outbound,2026-09-09 16:45,3091,2933,24,27,0,6075,2026-09-12T00:20:22Z
Havenmove,Standby,outbound,2026-09-09 16:45,1555,1288,14,16,0,2873,2026-09-12T00:20:18Z
Joao,Broadcast,outbound,2026-09-09 16:45,26073,390,629,266,0,27358,2026-09-12T00:20:18Z
NS,Recuperação,outbound,2026-09-09 16:45,30,0,2,0,0,32,2026-09-12T00:20:16Z
Rafa,Broadcast,outbound,2026-09-09 16:45,1746,724,56,16,0,2542,2026-09-12T00:20:15Z
Rehableaf,Standby,outbound,2026-09-09 16:45,3070,51,31,26,0,3178,2026-09-12T00:20:16Z
Richard,Standby,outbound,2026-09-09 16:45,1129,2102,12,8,0,3251,2026-09-12T00:20:17Z
Joao,Broadcast,outbound,2026-09-09 17:00,24272,286,691,794,0,26043,2026-09-12T00:20:18Z
NS,Recuperação,outbound,2026-09-09 17:00,60,0,1,4,0,65,2026-09-12T00:20:16Z
Rafa,Broadcast,outbound,2026-09-09 17:00,1669,719,25,319,0,2732,2026-09-12T00:20:15Z
Rehableaf,Standby,outbound,2026-09-09 17:00,2190,71,31,230,0,2522,2026-09-12T00:20:16Z
Richard,Standby,outbound,2026-09-09 17:00,472,1506,13,85,0,2076,2026-09-12T00:20:17Z
Bernardo,Broadcast,outbound,2026-09-09 17:15,8523,102,543,229,0,9397,2026-09-12T00:20:22Z
Havenmove,Standby,outbound,2026-09-09 17:15,7971,29,498,194,0,8692,2026-09-12T00:20:18Z
Joao,Broadcast,outbound,2026-09-09 17:15,13,0,0,0,0,13,2026-09-12T00:20:18Z
NS,Recuperação,outbound,2026-09-09 17:15,35,0,0,1,0,36,2026-09-12T00:20:16Z
Rafa,Broadcast,outbound,2026-09-09 17:15,845,11,65,20,0,941,2026-09-12T00:20:15Z
Rehableaf,Standby,outbound,2026-09-09 17:15,3743,5,209,75,0,4032,2026-09-12T00:20:16Z
Richard,Standby,outbound,2026-09-09 17:15,7423,132,478,191,0,8224,2026-09-12T00:20:17Z
Bernardo,Broadcast,outbound,2026-09-09 17:30,549,10,28,13,0,600,2026-09-12T00:20:22Z
Havenmove,Standby,outbound,2026-09-09 17:30,90,0,8,24,0,122,2026-09-12T00:20:18Z
NS,Recuperação,outbound,2026-09-09 17:30,41,0,0,0,0,41,2026-09-12T00:20:16Z
Rafa,Broadcast,outbound,2026-09-09 17:30,1928,0,132,78,0,2138,2026-09-12T00:20:15Z
Rehableaf,Standby,outbound,2026-09-09 17:30,3262,0,223,145,0,3630,2026-09-12T00:20:16Z
Bernardo,Broadcast,outbound,2026-09-09 17:45,5113,23,305,88,0,5529,2026-09-12T00:20:22Z
Havenmove,Standby,outbound,2026-09-09 17:45,24696,1815,1733,699,0,28943,2026-09-12T00:20:18Z
NS,Recuperação,outbound,2026-09-09 17:45,39,1,0,1,0,41,2026-09-12T00:20:16Z
Naturemove,Standby,outbound,2026-09-09 17:45,4715,33,277,98,0,5123,2026-09-12T00:20:52Z
Rafa,Broadcast,outbound,2026-09-09 17:45,899,21,52,14,0,986,2026-09-12T00:20:15Z
Rehableaf,Standby,outbound,2026-09-09 17:45,362,0,25,6,0,393,2026-09-12T00:20:16Z
Richard,Standby,outbound,2026-09-09 17:45,11844,85,690,246,0,12865,2026-09-12T00:20:17Z
Bernardo,Broadcast,outbound,2026-09-09 18:00,15850,31,971,811,0,17663,2026-09-12T00:20:22Z
Havenmove,Standby,outbound,2026-09-09 18:00,21121,800,1001,1222,0,24144,2026-09-12T00:20:18Z
NS,Recuperação,outbound,2026-09-09 18:00,38,0,1,2,0,41,2026-09-12T00:20:16Z
Rafa,Broadcast,outbound,2026-09-09 18:00,2427,0,140,125,0,2692,2026-09-12T00:20:15Z
Rehableaf,Standby,outbound,2026-09-09 18:00,2100,8,126,61,0,2295,2026-09-12T00:20:16Z
Bernardo,Broadcast,outbound,2026-09-09 18:15,56,9,2708,1,0,2774,2026-09-12T00:20:22Z
NS,Recuperação,outbound,2026-09-09 18:15,27,3,2,0,0,32,2026-09-12T00:20:16Z
Rafa,Broadcast,outbound,2026-09-09 18:15,2482,0,142,67,0,2691,2026-09-12T00:20:15Z
Rehableaf,Standby,outbound,2026-09-09 18:15,2470,2,156,63,0,2691,2026-09-12T00:20:16Z
Richard,Standby,outbound,2026-09-09 18:15,282,15,8153,7,0,8457,2026-09-12T00:20:17Z
NS,Recuperação,outbound,2026-09-09 18:30,33,0,0,0,0,33,2026-09-12T00:20:16Z
Rafa,Broadcast,outbound,2026-09-09 18:30,2481,0,158,48,0,2687,2026-09-12T00:20:15Z
Rehableaf,Standby,outbound,2026-09-09 18:30,2482,0,149,54,0,2685,2026-09-12T00:20:16Z
NS,Recuperação,outbound,2026-09-09 18:45,49,0,0,0,0,49,2026-09-12T00:20:16Z
Rafa,Broadcast,outbound,2026-09-09 18:45,2240,0,129,47,0,2416,2026-09-12T00:20:15Z
Rehableaf,Standby,outbound,2026-09-09 18:45,2449,0,640,42,0,3131,2026-09-12T00:20:16Z
NS,Recuperação,outbound,2026-09-09 19:00,45,0,2,0,0,47,2026-09-12T00:20:16Z
Rafa,Broadcast,outbound,2026-09-09 19:00,1213,0,68,83,0,1364,2026-09-12T00:20:15Z
Rehableaf,Standby,outbound,2026-09-09 19:00,150,0,2896,24,0,3070,2026-09-12T00:20:16Z
NS,Recuperação,outbound,2026-09-09 19:15,45,0,0,1,0,46,2026-09-12T00:20:16Z
NS,Recuperação,outbound,2026-09-09 19:30,38,0,0,0,0,38,2026-09-12T00:20:16Z
Richard,Standby,outbound,2026-09-09 19:30,1,0,0,0,0,1,2026-09-12T00:20:17Z
NS,Recuperação,outbound,2026-09-09 19:45,32,0,0,0,0,32,2026-09-12T00:20:16Z
NS,Recuperação,outbound,2026-09-09 20:00,39,2,1,0,0,42,2026-09-12T00:20:16Z
Richard,Standby,outbound,2026-09-09 20:00,0,0,0,0,1,1,2026-09-12T00:20:17Z
NS,Recuperação,outbound,2026-09-09 20:15,33,1,0,0,0,34,2026-09-12T00:20:16Z
Naturemove,Standby,outbound,2026-09-09 20:15,1487,52,40,22,0,1601,2026-09-12T00:20:52Z
NS,Recuperação,outbound,2026-09-09 20:30,28,1,0,0,0,29,2026-09-12T00:20:16Z
Naturemove,Standby,outbound,2026-09-09 20:30,17964,749,638,280,0,19631,2026-09-12T00:20:52Z
NS,Recuperação,outbound,2026-09-09 20:45,39,0,0,0,0,39,2026-09-12T00:20:16Z
Naturemove,Standby,outbound,2026-09-09 20:45,3474,0,104,53,0,3631,2026-09-12T00:20:52Z
Richard,Standby,outbound,2026-09-09 20:45,0,15,0,0,1,16,2026-09-12T00:20:17Z
NS,Recuperação,outbound,2026-09-09 21:00,35,0,1,1,0,37,2026-09-12T00:20:16Z
Rafa,Broadcast,outbound,2026-09-09 21:00,1,0,0,0,0,1,2026-09-12T00:20:15Z
Richard,Standby,outbound,2026-09-09 21:00,1,0,0,0,0,1,2026-09-12T00:20:17Z
NS,Recuperação,outbound,2026-09-09 21:15,27,1,1,0,0,29,2026-09-12T00:20:16Z
NS,Recuperação,outbound,2026-09-09 21:30,27,1,1,0,0,29,2026-09-12T00:20:16Z
NS,Recuperação,outbound,2026-09-09 21:45,36,2,0,0,0,38,2026-09-12T00:20:16Z
Naturemove,Standby,outbound,2026-09-09 21:45,15025,1320,564,237,0,17146,2026-09-12T00:20:52Z
NS,Recuperação,outbound,2026-09-09 22:00,33,0,1,1,0,35,2026-09-12T00:20:16Z
Naturemove,Standby,outbound,2026-09-09 22:00,21041,1671,840,613,0,24165,2026-09-12T00:20:52Z
NS,Recuperação,outbound,2026-09-09 22:15,41,0,1,0,0,42,2026-09-12T00:20:16Z
Naturemove,Standby,outbound,2026-09-09 22:15,20855,0,640,304,0,21799,2026-09-12T00:20:52Z
NS,Recuperação,outbound,2026-09-09 22:30,37,0,1,1,0,39,2026-09-12T00:20:16Z
Naturemove,Standby,outbound,2026-09-09 22:30,16562,0,479,319,0,17360,2026-09-12T00:20:52Z
NS,Recuperação,outbound,2026-09-09 22:45,33,0,0,1,0,34,2026-09-12T00:20:16Z
Naturemove,Standby,outbound,2026-09-09 22:45,9903,0,267,156,0,10326,2026-09-12T00:20:52Z
Rafa,Broadcast,outbound,2026-09-09 22:45,1,0,0,0,0,1,2026-09-12T00:20:15Z
NS,Recuperação,outbound,2026-09-09 23:00,36,0,1,0,0,37,2026-09-12T00:20:16Z
Naturemove,Standby,outbound,2026-09-09 23:00,3733,0,89,187,0,4009,2026-09-12T00:20:52Z
NS,Recuperação,outbound,2026-09-09 23:15,43,1,0,0,0,44,2026-09-12T00:20:16Z
Naturemove,Standby,outbound,2026-09-09 23:15,1075,0,27,18,0,1120,2026-09-12T00:20:52Z
NS,Recuperação,outbound,2026-09-09 23:30,52,7,0,0,0,59,2026-09-12T00:20:16Z
Naturemove,Standby,outbound,2026-09-09 23:30,69,0,1,0,0,70,2026-09-12T00:20:52Z
NS,Recuperação,outbound,2026-09-09 23:45,45,4,0,0,0,49,2026-09-12T00:20:16Z
NS,Recuperação,outbound,2026-09-10 00:00,44,1,1,0,0,46,2026-09-12T00:20:16Z
Bernardo,Broadcast,outbound,2026-09-10 00:15,4,0,2,0,0,6,2026-09-12T00:20:22Z
Havenmove,Standby,outbound,2026-09-10 00:15,3,0,2,0,0,5,2026-09-12T00:20:18Z
Joao,Broadcast,outbound,2026-09-10 00:15,11,0,4,0,0,15,2026-09-12T00:20:18Z
NS,Recuperação,outbound,2026-09-10 00:15,33,2,2,0,0,37,2026-09-12T00:20:16Z
Naturemove,Standby,outbound,2026-09-10 00:15,4,0,5,0,0,9,2026-09-12T00:20:52Z
Rafa,Broadcast,outbound,2026-09-10 00:15,4,0,1,0,0,5,2026-09-12T00:20:15Z
Rehableaf,Standby,outbound,2026-09-10 00:15,3,0,2,0,0,5,2026-09-12T00:20:16Z
Richard,Standby,outbound,2026-09-10 00:15,6,0,3,0,0,9,2026-09-12T00:20:17Z
NS,Recuperação,outbound,2026-09-10 00:30,34,0,1,0,0,35,2026-09-12T00:20:16Z
Richard,Standby,outbound,2026-09-10 00:30,2,0,0,0,0,2,2026-09-12T00:20:17Z
NS,Recuperação,outbound,2026-09-10 00:45,36,0,0,0,0,36,2026-09-12T00:20:16Z
NS,Recuperação,outbound,2026-09-10 01:00,41,0,1,0,0,42,2026-09-12T00:20:16Z
NS,Recuperação,outbound,2026-09-10 01:15,36,1,0,0,0,37,2026-09-12T00:20:16Z
Richard,Standby,outbound,2026-09-10 01:15,0,5,0,0,1,6,2026-09-12T00:20:17Z
NS,Recuperação,outbound,2026-09-10 01:30,27,0,1,2,0,30,2026-09-12T00:20:16Z
Rafa,Broadcast,outbound,2026-09-10 01:30,1,0,0,0,0,1,2026-09-12T00:20:15Z
Richard,Standby,outbound,2026-09-10 01:30,1,0,0,0,0,1,2026-09-12T00:20:17Z
NS,Recuperação,outbound,2026-09-10 01:45,33,0,0,1,0,34,2026-09-12T00:20:16Z
NS,Recuperação,outbound,2026-09-10 02:00,30,0,0,0,0,30,2026-09-12T00:20:16Z
NS,Recuperação,outbound,2026-09-10 02:15,39,1,1,0,0,41,2026-09-12T00:20:16Z
NS,Recuperação,outbound,2026-09-10 02:30,29,0,1,0,0,30,2026-09-12T00:20:16Z
NS,Recuperação,outbound,2026-09-10 02:45,43,1,0,0,0,44,2026-09-12T00:20:16Z
Richard,Standby,outbound,2026-09-10 02:45,0,0,0,0,1,1,2026-09-12T00:20:17Z
NS,Recuperação,outbound,2026-09-10 03:00,39,1,0,0,0,40,2026-09-12T00:20:16Z
Richard,Standby,outbound,2026-09-10 03:00,0,0,0,0,1,1,2026-09-12T00:20:17Z
NS,Recuperação,outbound,2026-09-10 03:15,33,0,0,0,0,33,2026-09-12T00:20:16Z
NS,Recuperação,outbound,2026-09-10 03:30,31,1,2,0,0,34,2026-09-12T00:20:16Z
NS,Recuperação,outbound,2026-09-10 03:45,29,0,0,0,0,29,2026-09-12T00:20:16Z
NS,Recuperação,outbound,2026-09-10 04:00,26,0,1,0,0,27,2026-09-12T00:20:16Z
NS,Recuperação,outbound,2026-09-10 04:15,27,0,0,0,0,27,2026-09-12T00:20:16Z
NS,Recuperação,outbound,2026-09-10 04:30,37,0,0,1,0,38,2026-09-12T00:20:16Z
NS,Recuperação,outbound,2026-09-10 04:45,35,0,0,0,0,35,2026-09-12T00:20:16Z
NS,Recuperação,outbound,2026-09-10 05:00,24,0,0,0,0,24,2026-09-12T00:20:16Z
NS,Recuperação,outbound,2026-09-10 05:15,31,0,1,0,0,32,2026-09-12T00:20:16Z
NS,Recuperação,outbound,2026-09-10 05:30,22,0,0,0,0,22,2026-09-12T00:20:16Z
NS,Recuperação,outbound,2026-09-10 05:45,31,0,0,1,0,32,2026-09-12T00:20:16Z
Richard,Standby,outbound,2026-09-10 05:45,0,0,0,0,1,1,2026-09-12T00:20:17Z
NS,Recuperação,outbound,2026-09-10 06:00,37,0,0,0,0,37,2026-09-12T00:20:16Z
Richard,Standby,outbound,2026-09-10 06:00,0,0,0,0,1,1,2026-09-12T00:20:17Z
NS,Recuperação,outbound,2026-09-10 06:15,22,0,0,0,0,22,2026-09-12T00:20:16Z
NS,Recuperação,outbound,2026-09-10 06:30,20,0,1,0,0,21,2026-09-12T00:20:16Z
NS,Recuperação,outbound,2026-09-10 06:45,20,0,1,0,0,21,2026-09-12T00:20:16Z
NS,Recuperação,outbound,2026-09-10 07:00,21,0,0,0,0,21,2026-09-12T00:20:16Z
NS,Recuperação,outbound,2026-09-10 07:15,21,0,0,0,0,21,2026-09-12T00:20:16Z
NS,Recuperação,outbound,2026-09-10 07:30,15,1,0,0,0,16,2026-09-12T00:20:16Z
Rafa,Broadcast,outbound,2026-09-10 07:30,2,0,0,0,0,2,2026-09-12T00:20:15Z
NS,Recuperação,outbound,2026-09-10 07:45,33,0,0,0,0,33,2026-09-12T00:20:16Z
NS,Recuperação,outbound,2026-09-10 08:00,17,0,0,0,0,17,2026-09-12T00:20:16Z
NS,Recuperação,outbound,2026-09-10 08:15,22,0,0,0,0,22,2026-09-12T00:20:16Z
NS,Recuperação,outbound,2026-09-10 08:30,25,0,0,0,0,25,2026-09-12T00:20:16Z
NS,Recuperação,outbound,2026-09-10 08:45,16,1,0,0,0,17,2026-09-12T00:20:16Z
Rafa,Broadcast,outbound,2026-09-10 08:45,1,0,0,0,0,1,2026-09-12T00:20:15Z
NS,Recuperação,outbound,2026-09-10 09:00,21,0,0,0,0,21,2026-09-12T00:20:16Z
NS,Recuperação,outbound,2026-09-10 09:15,13,0,0,0,0,13,2026-09-12T00:20:16Z
NS,Recuperação,outbound,2026-09-10 09:30,16,0,0,0,0,16,2026-09-12T00:20:16Z
Rafa,Broadcast,outbound,2026-09-10 09:30,1,0,0,0,0,1,2026-09-12T00:20:15Z
NS,Recuperação,outbound,2026-09-10 09:45,13,0,1,0,0,14,2026-09-12T00:20:16Z
Rafa,Broadcast,outbound,2026-09-10 09:45,1,0,0,0,0,1,2026-09-12T00:20:15Z
NS,Recuperação,outbound,2026-09-10 10:00,19,0,0,0,0,19,2026-09-12T00:20:16Z
NS,Recuperação,outbound,2026-09-10 10:15,16,0,0,0,0,16,2026-09-12T00:20:16Z
NS,Recuperação,outbound,2026-09-10 10:30,20,0,1,0,0,21,2026-09-12T00:20:16Z
NS,Recuperação,outbound,2026-09-10 10:45,27,0,0,0,0,27,2026-09-12T00:20:16Z
NS,Recuperação,outbound,2026-09-10 11:00,15,0,0,0,0,15,2026-09-12T00:20:16Z
NS,Recuperação,outbound,2026-09-10 11:15,21,0,0,0,0,21,2026-09-12T00:20:16Z
NS,Recuperação,outbound,2026-09-10 11:30,26,1,0,0,0,27,2026-09-12T00:20:16Z
Rafa,Broadcast,outbound,2026-09-10 11:30,1,0,0,0,0,1,2026-09-12T00:20:15Z
NS,Recuperação,outbound,2026-09-10 11:45,25,0,0,0,0,25,2026-09-12T00:20:16Z
NS,Recuperação,outbound,2026-09-10 12:00,30,0,0,0,0,30,2026-09-12T00:20:16Z
NS,Recuperação,outbound,2026-09-10 12:15,28,0,0,0,0,28,2026-09-12T00:20:16Z
Rafa,Broadcast,outbound,2026-09-10 12:15,0,2,0,0,0,2,2026-09-12T00:20:15Z
NS,Recuperação,outbound,2026-09-10 12:30,31,0,0,0,0,31,2026-09-12T00:20:16Z
Richard,Standby,outbound,2026-09-10 12:30,0,0,0,0,1,1,2026-09-12T00:20:17Z
NS,Recuperação,outbound,2026-09-10 12:45,26,0,0,0,0,26,2026-09-12T00:20:16Z
Rafa,Broadcast,outbound,2026-09-10 12:45,1,0,0,0,0,1,2026-09-12T00:20:15Z
Richard,Standby,outbound,2026-09-10 12:45,0,0,0,0,1,1,2026-09-12T00:20:17Z
NS,Recuperação,outbound,2026-09-10 13:00,51,0,0,0,0,51,2026-09-12T00:20:16Z
Richard,Standby,outbound,2026-09-10 13:00,4,0,1,0,12,17,2026-09-12T00:20:17Z
NS,Recuperação,outbound,2026-09-10 13:15,60,0,4,0,0,64,2026-09-12T00:20:16Z
Richard,Standby,outbound,2026-09-10 13:15,10,0,1,0,20,31,2026-09-12T00:20:17Z
NS,Recuperação,outbound,2026-09-10 13:30,56,0,1,0,0,57,2026-09-12T00:20:16Z
Richard,Standby,outbound,2026-09-10 13:30,8,0,0,0,11,19,2026-09-12T00:20:17Z
NS,Recuperação,outbound,2026-09-10 13:45,38,0,2,0,0,40,2026-09-12T00:20:16Z
Richard,Standby,outbound,2026-09-10 13:45,3,0,0,0,7,10,2026-09-12T00:20:17Z
NS,Recuperação,outbound,2026-09-10 14:00,70,0,1,0,0,71,2026-09-12T00:20:16Z
Naturemove,Standby,outbound,2026-09-10 14:00,2647,117,123,54,0,2941,2026-09-12T00:20:52Z
Rafa,Broadcast,outbound,2026-09-10 14:00,1,0,0,0,0,1,2026-09-12T00:20:15Z
Richard,Standby,outbound,2026-09-10 14:00,1,0,0,0,7,8,2026-09-12T00:20:17Z
NS,Recuperação,outbound,2026-09-10 14:15,42,0,0,1,0,43,2026-09-12T00:20:16Z
Naturemove,Standby,outbound,2026-09-10 14:15,7793,378,371,183,0,8725,2026-09-12T00:20:52Z
Richard,Standby,outbound,2026-09-10 14:15,0,0,0,0,5,5,2026-09-12T00:20:17Z
NS,Recuperação,outbound,2026-09-10 14:30,58,1,1,0,0,60,2026-09-12T00:20:16Z
Naturemove,Standby,outbound,2026-09-10 14:30,20636,1199,1079,420,0,23334,2026-09-12T00:20:52Z
Rafa,Broadcast,outbound,2026-09-10 14:30,1,0,0,0,0,1,2026-09-12T00:20:15Z
Richard,Standby,outbound,2026-09-10 14:30,5,0,1,0,7,13,2026-09-12T00:20:17Z
NS,Recuperação,outbound,2026-09-10 14:45,53,0,1,1,0,55,2026-09-12T00:20:16Z
Naturemove,Standby,outbound,2026-09-10 14:45,20716,1218,1053,424,0,23411,2026-09-12T00:20:52Z
Richard,Standby,outbound,2026-09-10 14:45,2,0,2,0,5,9,2026-09-12T00:20:17Z
NS,Recuperação,outbound,2026-09-10 15:00,47,0,1,7,0,55,2026-09-12T00:20:16Z
Naturemove,Standby,outbound,2026-09-10 15:00,19865,1201,1056,1336,0,23458,2026-09-12T00:20:52Z
Richard,Standby,outbound,2026-09-10 15:00,0,0,1,0,2,3,2026-09-12T00:20:17Z
NS,Recuperação,outbound,2026-09-10 15:15,41,0,2,0,0,43,2026-09-12T00:20:16Z
Naturemove,Standby,outbound,2026-09-10 15:15,20653,1123,1075,503,0,23354,2026-09-12T00:20:52Z
Rafa,Broadcast,outbound,2026-09-10 15:15,0,2,0,0,0,2,2026-09-12T00:20:15Z
Richard,Standby,outbound,2026-09-10 15:15,1,0,0,0,2,3,2026-09-12T00:20:17Z
NS,Recuperação,outbound,2026-09-10 15:30,41,0,0,0,0,41,2026-09-12T00:20:16Z
Naturemove,Standby,outbound,2026-09-10 15:30,20557,1099,1106,576,0,23338,2026-09-12T00:20:52Z
Richard,Standby,outbound,2026-09-10 15:30,1,0,0,0,2,3,2026-09-12T00:20:17Z
NS,Recuperação,outbound,2026-09-10 15:45,42,2,2,0,0,46,2026-09-12T00:20:16Z
Naturemove,Standby,outbound,2026-09-10 15:45,19112,527,986,400,0,21025,2026-09-12T00:20:52Z
Richard,Standby,outbound,2026-09-10 15:45,1,0,2,0,3,6,2026-09-12T00:20:17Z
Joao,Broadcast,outbound,2026-09-10 16:00,43773,15,2004,7215,0,53007,2026-09-12T00:20:18Z
NS,Recuperação,outbound,2026-09-10 16:00,37,0,3,6,0,46,2026-09-12T00:20:16Z
Naturemove,Standby,outbound,2026-09-10 16:00,12786,0,634,2413,0,15833,2026-09-12T00:20:52Z
Richard,Standby,outbound,2026-09-10 16:00,6,0,4,0,7,17,2026-09-12T00:20:17Z
Joao,Broadcast,outbound,2026-09-10 16:15,49177,12,2222,1289,0,52700,2026-09-12T00:20:18Z
NS,Recuperação,outbound,2026-09-10 16:15,58,0,5,1,0,64,2026-09-12T00:20:16Z
Naturemove,Standby,outbound,2026-09-10 16:15,11374,0,468,339,0,12181,2026-09-12T00:20:52Z
Richard,Standby,outbound,2026-09-10 16:15,9,0,4,1,16,30,2026-09-12T00:20:17Z
Joao,Broadcast,outbound,2026-09-10 16:30,47527,13,2308,2382,0,52230,2026-09-12T00:20:18Z
NS,Recuperação,outbound,2026-09-10 16:30,62,0,2,0,0,64,2026-09-12T00:20:16Z
Naturemove,Standby,outbound,2026-09-10 16:30,7624,0,324,513,0,8461,2026-09-12T00:20:52Z
Richard,Standby,outbound,2026-09-10 16:30,11,0,1,0,13,25,2026-09-12T00:20:17Z
Bernardo,Broadcast,outbound,2026-09-10 16:45,4,0,2,0,0,6,2026-09-12T00:20:22Z
Havenmove,Standby,outbound,2026-09-10 16:45,3,0,2,0,0,5,2026-09-12T00:20:18Z
Joao,Broadcast,outbound,2026-09-10 16:45,28246,11,1244,547,0,30048,2026-09-12T00:20:18Z
NS,Recuperação,outbound,2026-09-10 16:45,63,1,3,0,0,67,2026-09-12T00:20:16Z
Naturemove,Standby,outbound,2026-09-10 16:45,4739,0,199,106,0,5044,2026-09-12T00:20:52Z
Rafa,Broadcast,outbound,2026-09-10 16:45,4,0,1,0,0,5,2026-09-12T00:20:15Z
Rehableaf,Standby,outbound,2026-09-10 16:45,3,0,2,0,0,5,2026-09-12T00:20:16Z
Richard,Standby,outbound,2026-09-10 16:45,11,0,6,1,7,25,2026-09-12T00:20:17Z
NS,Recuperação,outbound,2026-09-10 17:00,38,0,3,3,0,44,2026-09-12T00:20:16Z
Naturemove,Standby,outbound,2026-09-10 17:00,2151,0,87,333,0,2571,2026-09-12T00:20:52Z
Richard,Standby,outbound,2026-09-10 17:00,2,0,0,0,9,11,2026-09-12T00:20:17Z
NS,Recuperação,outbound,2026-09-10 17:15,103,0,2,0,0,105,2026-09-12T00:20:16Z
Naturemove,Standby,outbound,2026-09-10 17:15,1195,0,42,53,0,1290,2026-09-12T00:20:52Z
Richard,Standby,outbound,2026-09-10 17:15,0,0,0,0,10,10,2026-09-12T00:20:17Z
Bernardo,Broadcast,outbound,2026-09-10 17:30,27512,210,2490,849,0,31061,2026-09-12T00:20:22Z
NS,Recuperação,outbound,2026-09-10 17:30,110,0,2,1,0,113,2026-09-12T00:20:16Z
Naturemove,Standby,outbound,2026-09-10 17:30,265,0,10,10,0,285,2026-09-12T00:20:52Z
Richard,Standby,outbound,2026-09-10 17:30,5,0,1,1,8,15,2026-09-12T00:20:17Z
Bernardo,Broadcast,outbound,2026-09-10 17:45,6907,54,604,205,0,7770,2026-09-12T00:20:22Z
Joao,Broadcast,outbound,2026-09-10 17:45,11,0,1,0,0,12,2026-09-12T00:20:18Z
NS,Recuperação,outbound,2026-09-10 17:45,116,3,3,1,0,123,2026-09-12T00:20:16Z
Richard,Standby,outbound,2026-09-10 17:45,3,0,2,0,6,11,2026-09-12T00:20:17Z
Joao,Broadcast,outbound,2026-09-10 18:00,11,0,1,0,0,12,2026-09-12T00:20:18Z
NS,Recuperação,outbound,2026-09-10 18:00,97,3,3,6,0,109,2026-09-12T00:20:16Z
Richard,Standby,outbound,2026-09-10 18:00,2,0,3,0,2,7,2026-09-12T00:20:17Z
NS,Recuperação,outbound,2026-09-10 18:15,71,3,2,1,0,77,2026-09-12T00:20:16Z
Richard,Standby,outbound,2026-09-10 18:15,4,0,0,0,4,8,2026-09-12T00:20:17Z
Bernardo,Broadcast,outbound,2026-09-10 18:30,8035,5,460,181,0,8681,2026-09-12T00:20:22Z
NS,Recuperação,outbound,2026-09-10 18:30,61,8,1,0,0,70,2026-09-12T00:20:16Z
Naturemove,Standby,outbound,2026-09-10 18:30,2451,27,165,62,0,2705,2026-09-12T00:20:52Z
Rafa,Broadcast,outbound,2026-09-10 18:30,725,18,49,17,0,809,2026-09-12T00:20:15Z
Richard,Standby,outbound,2026-09-10 18:30,0,0,2,0,4,6,2026-09-12T00:20:17Z
Bernardo,Broadcast,outbound,2026-09-10 18:45,15172,87,960,364,0,16583,2026-09-12T00:20:22Z
Havenmove,Standby,outbound,2026-09-10 18:45,2950,7,193,73,0,3223,2026-09-12T00:20:18Z
NS,Recuperação,outbound,2026-09-10 18:45,50,0,3,0,0,53,2026-09-12T00:20:16Z
Naturemove,Standby,outbound,2026-09-10 18:45,4221,19,243,100,0,4583,2026-09-12T00:20:52Z
Rafa,Broadcast,outbound,2026-09-10 18:45,2492,9,145,57,0,2703,2026-09-12T00:20:15Z
Richard,Standby,outbound,2026-09-10 18:45,0,0,3,0,2,5,2026-09-12T00:20:17Z
Bernardo,Broadcast,outbound,2026-09-10 19:00,7440,33,552,1222,0,9247,2026-09-12T00:20:22Z
Havenmove,Standby,outbound,2026-09-10 19:00,110,0,7,4,0,121,2026-09-12T00:20:18Z
NS,Recuperação,outbound,2026-09-10 19:00,44,0,4,2,0,50,2026-09-12T00:20:16Z
Naturemove,Standby,outbound,2026-09-10 19:00,4396,27,261,86,0,4770,2026-09-12T00:20:52Z
Rafa,Broadcast,outbound,2026-09-10 19:00,2245,4,182,261,0,2692,2026-09-12T00:20:15Z
Rehableaf,Standby,outbound,2026-09-10 19:00,1978,1,141,206,0,2326,2026-09-12T00:20:16Z
Richard,Standby,outbound,2026-09-10 19:00,0,0,1,0,1,2,2026-09-12T00:20:17Z
Bernardo,Broadcast,outbound,2026-09-10 19:15,15214,66,981,671,0,16932,2026-09-12T00:20:22Z
Havenmove,Standby,outbound,2026-09-10 19:15,1949,4,153,49,0,2155,2026-09-12T00:20:18Z
NS,Recuperação,outbound,2026-09-10 19:15,47,2,0,0,0,49,2026-09-12T00:20:16Z
Naturemove,Standby,outbound,2026-09-10 19:15,2688,16,169,56,0,2929,2026-09-12T00:20:52Z
Rafa,Broadcast,outbound,2026-09-10 19:15,2471,11,153,63,0,2698,2026-09-12T00:20:15Z
Rehableaf,Standby,outbound,2026-09-10 19:15,2331,0,169,87,0,2587,2026-09-12T00:20:16Z
Richard,Standby,outbound,2026-09-10 19:15,0,0,0,0,4,4,2026-09-12T00:20:17Z
Bernardo,Broadcast,outbound,2026-09-10 19:30,12659,70,819,476,0,14024,2026-09-12T00:20:22Z
Havenmove,Standby,outbound,2026-09-10 19:30,2057,7,140,69,0,2273,2026-09-12T00:20:18Z
NS,Recuperação,outbound,2026-09-10 19:30,51,2,2,0,0,55,2026-09-12T00:20:16Z
Naturemove,Standby,outbound,2026-09-10 19:30,2973,25,158,60,0,3216,2026-09-12T00:20:52Z
Rafa,Broadcast,outbound,2026-09-10 19:30,2474,12,150,66,0,2702,2026-09-12T00:20:15Z
Rehableaf,Standby,outbound,2026-09-10 19:30,2268,0,149,78,0,2495,2026-09-12T00:20:16Z
Richard,Standby,outbound,2026-09-10 19:30,2,0,0,0,5,7,2026-09-12T00:20:17Z
Bernardo,Broadcast,outbound,2026-09-10 19:45,2379,12,145,58,0,2594,2026-09-12T00:20:22Z
Havenmove,Standby,outbound,2026-09-10 19:45,681,2,44,16,0,743,2026-09-12T00:20:18Z
NS,Recuperação,outbound,2026-09-10 19:45,41,0,2,0,0,43,2026-09-12T00:20:16Z
Naturemove,Standby,outbound,2026-09-10 19:45,361,0,14,7,0,382,2026-09-12T00:20:52Z
Rafa,Broadcast,outbound,2026-09-10 19:45,2475,0,145,63,0,2683,2026-09-12T00:20:15Z
Rehableaf,Standby,outbound,2026-09-10 19:45,933,0,70,28,0,1031,2026-09-12T00:20:16Z
Richard,Standby,outbound,2026-09-10 19:45,3,0,1,1,3,8,2026-09-12T00:20:17Z
NS,Recuperação,outbound,2026-09-10 20:00,34,0,3,0,0,37,2026-09-12T00:20:16Z
Rafa,Broadcast,outbound,2026-09-10 20:00,2380,0,151,152,0,2683,2026-09-12T00:20:15Z
Richard,Standby,outbound,2026-09-10 20:00,2,0,1,0,4,7,2026-09-12T00:20:17Z
Bernardo,Broadcast,outbound,2026-09-10 20:15,902,815,14,5,0,1736,2026-09-12T00:20:22Z
NS,Recuperação,outbound,2026-09-10 20:15,50,4,0,0,0,54,2026-09-12T00:20:16Z
Rafa,Broadcast,outbound,2026-09-10 20:15,3810,2045,174,117,0,6146,2026-09-12T00:20:15Z
Rehableaf,Standby,outbound,2026-09-10 20:15,0,178,845,0,0,1023,2026-09-12T00:20:16Z
Richard,Standby,outbound,2026-09-10 20:15,0,1361,521,0,4,1886,2026-09-12T00:20:17Z
Bernardo,Broadcast,outbound,2026-09-10 20:30,11416,2067,673,310,0,14466,2026-09-12T00:20:22Z
Havenmove,Standby,outbound,2026-09-10 20:30,1116,361,8,17,0,1502,2026-09-12T00:20:18Z
NS,Recuperação,outbound,2026-09-10 20:30,51,2,2,0,0,55,2026-09-12T00:20:16Z
Naturemove,Standby,outbound,2026-09-10 20:30,4348,10,352,138,0,4848,2026-09-12T00:20:52Z
Rafa,Broadcast,outbound,2026-09-10 20:30,5665,1801,185,142,0,7793,2026-09-12T00:20:15Z
Rehableaf,Standby,outbound,2026-09-10 20:30,1385,166,1651,16,0,3218,2026-09-12T00:20:16Z
Richard,Standby,outbound,2026-09-10 20:30,3,736,257,1,5,1002,2026-09-12T00:20:17Z
Bernardo,Broadcast,outbound,2026-09-10 20:45,1185,200,73,29,0,1487,2026-09-12T00:20:22Z
Havenmove,Standby,outbound,2026-09-10 20:45,128,45,3,2,0,178,2026-09-12T00:20:18Z
NS,Recuperação,outbound,2026-09-10 20:45,47,0,1,0,0,48,2026-09-12T00:20:16Z
Naturemove,Standby,outbound,2026-09-10 20:45,467,0,38,11,0,516,2026-09-12T00:20:52Z
Rafa,Broadcast,outbound,2026-09-10 20:45,2597,71,169,56,0,2893,2026-09-12T00:20:15Z
Rehableaf,Standby,outbound,2026-09-10 20:45,196,11,76,6,0,289,2026-09-12T00:20:16Z
Richard,Standby,outbound,2026-09-10 20:45,1,0,2,1,2,6,2026-09-12T00:20:17Z
NS,Recuperação,outbound,2026-09-10 21:00,50,0,4,1,0,55,2026-09-12T00:20:16Z
Rafa,Broadcast,outbound,2026-09-10 21:00,2423,0,144,91,0,2658,2026-09-12T00:20:15Z
Richard,Standby,outbound,2026-09-10 21:00,3,0,5,0,6,14,2026-09-12T00:20:17Z
NS,Recuperação,outbound,2026-09-10 21:15,44,0,3,0,0,47,2026-09-12T00:20:16Z
Naturemove,Standby,outbound,2026-09-10 21:15,13,7,0,0,0,20,2026-09-12T00:20:52Z
Rafa,Broadcast,outbound,2026-09-10 21:15,2484,0,128,67,0,2679,2026-09-12T00:20:15Z
Richard,Standby,outbound,2026-09-10 21:15,2,0,0,0,7,9,2026-09-12T00:20:17Z
NS,Recuperação,outbound,2026-09-10 21:30,55,1,2,0,0,58,2026-09-12T00:20:16Z
Rafa,Broadcast,outbound,2026-09-10 21:30,1934,0,106,47,0,2087,2026-09-12T00:20:15Z
Richard,Standby,outbound,2026-09-10 21:30,2,0,2,0,4,8,2026-09-12T00:20:17Z
NS,Recuperação,outbound,2026-09-10 21:45,45,1,1,1,0,48,2026-09-12T00:20:16Z
Rafa,Broadcast,outbound,2026-09-10 21:45,1100,0,75,24,0,1199,2026-09-12T00:20:15Z
Richard,Standby,outbound,2026-09-10 21:45,0,0,2,0,1,3,2026-09-12T00:20:17Z
NS,Recuperação,outbound,2026-09-10 22:00,40,0,3,0,0,43,2026-09-12T00:20:16Z
Rafa,Broadcast,outbound,2026-09-10 22:00,345,0,24,22,0,391,2026-09-12T00:20:15Z
Richard,Standby,outbound,2026-09-10 22:00,2,0,0,0,2,4,2026-09-12T00:20:17Z
NS,Recuperação,outbound,2026-09-10 22:15,62,2,2,0,0,66,2026-09-12T00:20:16Z
Richard,Standby,outbound,2026-09-10 22:15,5,0,0,0,7,12,2026-09-12T00:20:17Z
NS,Recuperação,outbound,2026-09-10 22:30,46,0,2,1,0,49,2026-09-12T00:20:16Z
Richard,Standby,outbound,2026-09-10 22:30,1,0,0,0,2,3,2026-09-12T00:20:17Z
NS,Recuperação,outbound,2026-09-10 22:45,34,0,2,1,0,37,2026-09-12T00:20:16Z
Richard,Standby,outbound,2026-09-10 22:45,0,0,2,0,4,6,2026-09-12T00:20:17Z
NS,Recuperação,outbound,2026-09-10 23:00,51,1,0,2,0,54,2026-09-12T00:20:16Z
Richard,Standby,outbound,2026-09-10 23:00,2,0,1,0,3,6,2026-09-12T00:20:17Z
NS,Recuperação,outbound,2026-09-10 23:15,68,1,0,0,0,69,2026-09-12T00:20:16Z
Richard,Standby,outbound,2026-09-10 23:15,0,0,1,0,4,5,2026-09-12T00:20:17Z
NS,Recuperação,outbound,2026-09-10 23:30,50,1,1,0,0,52,2026-09-12T00:20:16Z
Richard,Standby,outbound,2026-09-10 23:30,3,0,0,0,5,8,2026-09-12T00:20:17Z
NS,Recuperação,outbound,2026-09-10 23:45,44,2,0,0,0,46,2026-09-12T00:20:16Z
Richard,Standby,outbound,2026-09-10 23:45,2,0,1,0,3,6,2026-09-12T00:20:17Z
NS,Recuperação,outbound,2026-09-11 00:00,50,0,3,0,0,53,2026-09-12T00:20:16Z
Richard,Standby,outbound,2026-09-11 00:00,7,0,4,0,9,20,2026-09-12T00:20:17Z
NS,Recuperação,outbound,2026-09-11 00:15,45,0,2,0,0,47,2026-09-12T00:20:16Z
Richard,Standby,outbound,2026-09-11 00:15,0,0,0,0,8,8,2026-09-12T00:20:17Z
NS,Recuperação,outbound,2026-09-11 00:30,50,0,1,0,0,51,2026-09-12T00:20:16Z
Richard,Standby,outbound,2026-09-11 00:30,4,0,0,0,3,7,2026-09-12T00:20:17Z
NS,Recuperação,outbound,2026-09-11 00:45,49,0,2,2,0,53,2026-09-12T00:20:16Z
Richard,Standby,outbound,2026-09-11 00:45,2,0,2,0,7,11,2026-09-12T00:20:17Z
NS,Recuperação,outbound,2026-09-11 01:00,45,1,2,2,0,50,2026-09-12T00:20:16Z
Richard,Standby,outbound,2026-09-11 01:00,5,0,0,0,3,8,2026-09-12T00:20:17Z
NS,Recuperação,outbound,2026-09-11 01:15,60,1,2,0,0,63,2026-09-12T00:20:16Z
Richard,Standby,outbound,2026-09-11 01:15,7,0,4,0,5,16,2026-09-12T00:20:17Z
NS,Recuperação,outbound,2026-09-11 01:30,45,0,1,1,0,47,2026-09-12T00:20:16Z
Richard,Standby,outbound,2026-09-11 01:30,2,0,0,0,3,5,2026-09-12T00:20:17Z
NS,Recuperação,outbound,2026-09-11 01:45,42,0,0,0,0,42,2026-09-12T00:20:16Z
Richard,Standby,outbound,2026-09-11 01:45,0,0,1,0,5,6,2026-09-12T00:20:17Z
NS,Recuperação,outbound,2026-09-11 02:00,39,1,1,1,0,42,2026-09-12T00:20:16Z
Richard,Standby,outbound,2026-09-11 02:00,0,0,0,0,3,3,2026-09-12T00:20:17Z
NS,Recuperação,outbound,2026-09-11 02:15,43,0,0,0,0,43,2026-09-12T00:20:16Z
Richard,Standby,outbound,2026-09-11 02:15,1,0,0,0,2,3,2026-09-12T00:20:17Z
NS,Recuperação,outbound,2026-09-11 02:30,52,0,1,0,0,53,2026-09-12T00:20:16Z
Richard,Standby,outbound,2026-09-11 02:30,0,0,0,0,5,5,2026-09-12T00:20:17Z
NS,Recuperação,outbound,2026-09-11 02:45,47,0,0,0,0,47,2026-09-12T00:20:16Z
Richard,Standby,outbound,2026-09-11 02:45,1,0,0,0,2,3,2026-09-12T00:20:17Z
NS,Recuperação,outbound,2026-09-11 03:00,47,0,1,0,0,48,2026-09-12T00:20:16Z
Richard,Standby,outbound,2026-09-11 03:00,5,0,0,0,6,11,2026-09-12T00:20:17Z
NS,Recuperação,outbound,2026-09-11 03:15,36,0,1,0,0,37,2026-09-12T00:20:16Z
Richard,Standby,outbound,2026-09-11 03:15,2,0,0,1,3,6,2026-09-12T00:20:17Z
NS,Recuperação,outbound,2026-09-11 03:30,49,0,3,0,0,52,2026-09-12T00:20:16Z
Richard,Standby,outbound,2026-09-11 03:30,1,0,1,0,6,8,2026-09-12T00:20:17Z
NS,Recuperação,outbound,2026-09-11 03:45,36,0,1,1,0,38,2026-09-12T00:20:16Z
Richard,Standby,outbound,2026-09-11 03:45,2,0,1,0,5,8,2026-09-12T00:20:17Z
NS,Recuperação,outbound,2026-09-11 04:00,34,0,0,3,0,37,2026-09-12T00:20:16Z
Richard,Standby,outbound,2026-09-11 04:00,3,0,0,1,1,5,2026-09-12T00:20:17Z
NS,Recuperação,outbound,2026-09-11 04:15,43,0,0,0,0,43,2026-09-12T00:20:16Z
Richard,Standby,outbound,2026-09-11 04:15,3,0,0,0,5,8,2026-09-12T00:20:17Z
NS,Recuperação,outbound,2026-09-11 04:30,98,1,3,0,0,102,2026-09-12T00:20:16Z
Richard,Standby,outbound,2026-09-11 04:30,1,0,0,0,4,5,2026-09-12T00:20:17Z
NS,Recuperação,outbound,2026-09-11 04:45,39,0,0,0,0,39,2026-09-12T00:20:16Z
Richard,Standby,outbound,2026-09-11 04:45,1,0,0,0,2,3,2026-09-12T00:20:17Z
NS,Recuperação,outbound,2026-09-11 05:00,25,0,0,1,0,26,2026-09-12T00:20:16Z
Richard,Standby,outbound,2026-09-11 05:00,1,0,0,0,0,1,2026-09-12T00:20:17Z
NS,Recuperação,outbound,2026-09-11 05:15,27,0,0,0,0,27,2026-09-12T00:20:16Z
Richard,Standby,outbound,2026-09-11 05:15,1,0,0,0,0,1,2026-09-12T00:20:17Z
NS,Recuperação,outbound,2026-09-11 05:30,31,0,1,0,0,32,2026-09-12T00:20:16Z
Richard,Standby,outbound,2026-09-11 05:30,0,0,0,0,3,3,2026-09-12T00:20:17Z
NS,Recuperação,outbound,2026-09-11 05:45,25,0,0,0,0,25,2026-09-12T00:20:16Z
Richard,Standby,outbound,2026-09-11 05:45,0,0,0,0,1,1,2026-09-12T00:20:17Z
NS,Recuperação,outbound,2026-09-11 06:00,38,0,1,0,0,39,2026-09-12T00:20:16Z
Richard,Standby,outbound,2026-09-11 06:00,0,0,0,0,2,2,2026-09-12T00:20:17Z
NS,Recuperação,outbound,2026-09-11 06:15,18,0,0,0,0,18,2026-09-12T00:20:16Z
Richard,Standby,outbound,2026-09-11 06:15,1,0,0,0,1,2,2026-09-12T00:20:17Z
NS,Recuperação,outbound,2026-09-11 06:30,25,0,1,0,0,26,2026-09-12T00:20:16Z
Richard,Standby,outbound,2026-09-11 06:30,1,0,1,0,3,5,2026-09-12T00:20:17Z
NS,Recuperação,outbound,2026-09-11 06:45,16,0,1,1,0,18,2026-09-12T00:20:16Z
NS,Recuperação,outbound,2026-09-11 07:00,22,0,0,0,0,22,2026-09-12T00:20:16Z
Richard,Standby,outbound,2026-09-11 07:00,1,0,0,0,0,1,2026-09-12T00:20:17Z
NS,Recuperação,outbound,2026-09-11 07:15,28,0,0,0,0,28,2026-09-12T00:20:16Z
Richard,Standby,outbound,2026-09-11 07:15,1,0,0,0,1,2,2026-09-12T00:20:17Z
NS,Recuperação,outbound,2026-09-11 07:30,19,0,1,0,0,20,2026-09-12T00:20:16Z
Richard,Standby,outbound,2026-09-11 07:30,0,0,0,0,2,2,2026-09-12T00:20:17Z
NS,Recuperação,outbound,2026-09-11 07:45,31,0,0,0,0,31,2026-09-12T00:20:16Z
Richard,Standby,outbound,2026-09-11 07:45,0,0,0,0,1,1,2026-09-12T00:20:17Z
NS,Recuperação,outbound,2026-09-11 08:00,15,0,0,0,0,15,2026-09-12T00:20:16Z
NS,Recuperação,outbound,2026-09-11 08:15,23,1,0,0,0,24,2026-09-12T00:20:16Z
NS,Recuperação,outbound,2026-09-11 08:30,66,0,2,1,0,69,2026-09-12T00:20:16Z
Richard,Standby,outbound,2026-09-11 08:30,1,0,0,0,0,1,2026-09-12T00:20:17Z
NS,Recuperação,outbound,2026-09-11 08:45,28,0,1,0,0,29,2026-09-12T00:20:16Z
Richard,Standby,outbound,2026-09-11 08:45,0,0,0,0,1,1,2026-09-12T00:20:17Z
NS,Recuperação,outbound,2026-09-11 09:00,15,0,0,0,0,15,2026-09-12T00:20:16Z
Richard,Standby,outbound,2026-09-11 09:00,0,0,0,0,1,1,2026-09-12T00:20:17Z
NS,Recuperação,outbound,2026-09-11 09:15,15,0,0,0,0,15,2026-09-12T00:20:16Z
NS,Recuperação,outbound,2026-09-11 09:30,16,0,0,0,0,16,2026-09-12T00:20:16Z
Richard,Standby,outbound,2026-09-11 09:30,0,0,0,0,1,1,2026-09-12T00:20:17Z
NS,Recuperação,outbound,2026-09-11 09:45,11,0,0,1,0,12,2026-09-12T00:20:16Z
Rafa,Broadcast,outbound,2026-09-11 09:45,1,0,0,0,0,1,2026-09-12T00:20:15Z
NS,Recuperação,outbound,2026-09-11 10:00,24,0,0,0,0,24,2026-09-12T00:20:16Z
NS,Recuperação,outbound,2026-09-11 10:15,21,0,0,0,0,21,2026-09-12T00:20:16Z
NS,Recuperação,outbound,2026-09-11 10:30,15,0,1,0,0,16,2026-09-12T00:20:16Z
NS,Recuperação,outbound,2026-09-11 10:45,22,0,0,0,0,22,2026-09-12T00:20:16Z
Rafa,Broadcast,outbound,2026-09-11 10:45,1,0,0,0,0,1,2026-09-12T00:20:15Z
NS,Recuperação,outbound,2026-09-11 11:00,24,0,0,0,0,24,2026-09-12T00:20:16Z
NS,Recuperação,outbound,2026-09-11 11:15,19,0,0,0,0,19,2026-09-12T00:20:16Z
Rafa,Broadcast,outbound,2026-09-11 11:15,0,1,0,0,0,1,2026-09-12T00:20:15Z
Richard,Standby,outbound,2026-09-11 11:15,0,0,0,0,1,1,2026-09-12T00:20:17Z
NS,Recuperação,outbound,2026-09-11 11:30,23,0,0,1,0,24,2026-09-12T00:20:16Z
Rafa,Broadcast,outbound,2026-09-11 11:30,1,0,0,0,0,1,2026-09-12T00:20:15Z
Richard,Standby,outbound,2026-09-11 11:30,1,0,0,0,0,1,2026-09-12T00:20:17Z
NS,Recuperação,outbound,2026-09-11 11:45,42,0,1,1,0,44,2026-09-12T00:20:16Z
Richard,Standby,outbound,2026-09-11 11:45,0,0,0,0,1,1,2026-09-12T00:20:17Z
NS,Recuperação,outbound,2026-09-11 12:00,30,0,0,1,0,31,2026-09-12T00:20:16Z
NS,Recuperação,outbound,2026-09-11 12:15,30,0,0,0,0,30,2026-09-12T00:20:16Z
Rafa,Broadcast,outbound,2026-09-11 12:15,0,2,0,0,0,2,2026-09-12T00:20:15Z
Richard,Standby,outbound,2026-09-11 12:15,0,0,0,0,2,2,2026-09-12T00:20:17Z
NS,Recuperação,outbound,2026-09-11 12:30,53,0,0,0,0,53,2026-09-12T00:20:16Z
Naturemove,Standby,outbound,2026-09-11 12:30,5,0,5,0,0,10,2026-09-12T00:20:52Z
Rafa,Broadcast,outbound,2026-09-11 12:30,5,0,1,0,0,6,2026-09-12T00:20:15Z
Richard,Standby,outbound,2026-09-11 12:30,9,0,3,0,1,13,2026-09-12T00:20:17Z
NS,Recuperação,outbound,2026-09-11 12:45,30,1,1,0,0,32,2026-09-12T00:20:16Z
Richard,Standby,outbound,2026-09-11 12:45,2,0,0,0,3,5,2026-09-12T00:20:17Z
NS,Recuperação,outbound,2026-09-11 13:00,42,1,0,1,0,44,2026-09-12T00:20:16Z
Richard,Standby,outbound,2026-09-11 13:00,5,0,1,1,7,14,2026-09-12T00:20:17Z
NS,Recuperação,outbound,2026-09-11 13:15,52,0,3,1,0,56,2026-09-12T00:20:16Z
Richard,Standby,outbound,2026-09-11 13:15,8,0,9,3,6,26,2026-09-12T00:20:17Z
NS,Recuperação,outbound,2026-09-11 13:30,54,0,0,0,0,54,2026-09-12T00:20:16Z
Richard,Standby,outbound,2026-09-11 13:30,6,0,3,2,9,20,2026-09-12T00:20:17Z
NS,Recuperação,outbound,2026-09-11 13:45,42,0,2,0,0,44,2026-09-12T00:20:16Z
Rafa,Broadcast,outbound,2026-09-11 13:45,1,0,0,0,0,1,2026-09-12T00:20:15Z
Richard,Standby,outbound,2026-09-11 13:45,4,0,1,1,3,9,2026-09-12T00:20:17Z
NS,Recuperação,outbound,2026-09-11 14:00,42,2,3,0,0,47,2026-09-12T00:20:16Z
Richard,Standby,outbound,2026-09-11 14:00,3,0,2,0,5,10,2026-09-12T00:20:17Z
NS,Recuperação,outbound,2026-09-11 14:15,35,0,0,0,0,35,2026-09-12T00:20:16Z
Rafa,Broadcast,outbound,2026-09-11 14:15,0,1,0,0,0,1,2026-09-12T00:20:15Z
Richard,Standby,outbound,2026-09-11 14:15,0,0,0,0,7,7,2026-09-12T00:20:17Z
NS,Recuperação,outbound,2026-09-11 14:30,50,0,1,1,0,52,2026-09-12T00:20:16Z
Richard,Standby,outbound,2026-09-11 14:30,6,0,1,2,4,13,2026-09-12T00:20:17Z
NS,Recuperação,outbound,2026-09-11 14:45,59,0,1,1,0,61,2026-09-12T00:20:16Z
Richard,Standby,outbound,2026-09-11 14:45,4,0,3,0,5,12,2026-09-12T00:20:17Z
Joao,Broadcast,outbound,2026-09-11 15:00,43117,3,1254,1849,0,46223,2026-09-12T00:20:18Z
NS,Recuperação,outbound,2026-09-11 15:00,46,0,1,2,0,49,2026-09-12T00:20:16Z
Richard,Standby,outbound,2026-09-11 15:00,1,0,1,0,2,4,2026-09-12T00:20:17Z
Joao,Broadcast,outbound,2026-09-11 15:15,20128,3,590,334,0,21055,2026-09-12T00:20:18Z
NS,Recuperação,outbound,2026-09-11 15:15,55,0,1,0,0,56,2026-09-12T00:20:16Z
Richard,Standby,outbound,2026-09-11 15:15,2,0,0,0,4,6,2026-09-12T00:20:17Z
NS,Recuperação,outbound,2026-09-11 15:30,39,0,0,0,0,39,2026-09-12T00:20:16Z
Richard,Standby,outbound,2026-09-11 15:30,0,0,2,0,4,6,2026-09-12T00:20:17Z
NS,Recuperação,outbound,2026-09-11 15:45,50,1,2,1,0,54,2026-09-12T00:20:16Z
Richard,Standby,outbound,2026-09-11 15:45,3,0,3,0,3,9,2026-09-12T00:20:17Z
NS,Recuperação,outbound,2026-09-11 16:00,45,3,3,5,0,56,2026-09-12T00:20:16Z
Richard,Standby,outbound,2026-09-11 16:00,1,0,1,0,0,2,2026-09-12T00:20:17Z
Bernardo,Broadcast,outbound,2026-09-11 16:15,3090,23,250,92,0,3455,2026-09-12T00:20:22Z
NS,Recuperação,outbound,2026-09-11 16:15,42,0,1,0,0,43,2026-09-12T00:20:16Z
Rafa,Broadcast,outbound,2026-09-11 16:15,118,5,10,6,0,139,2026-09-12T00:20:15Z
Richard,Standby,outbound,2026-09-11 16:15,2,0,1,0,2,5,2026-09-12T00:20:17Z
Bernardo,Broadcast,outbound,2026-09-11 16:30,8436,2708,532,235,0,11911,2026-09-12T00:20:22Z
Havenmove,Standby,outbound,2026-09-11 16:30,1343,1266,20,16,0,2645,2026-09-12T00:20:18Z
NS,Recuperação,outbound,2026-09-11 16:30,52,1,0,2,0,55,2026-09-12T00:20:16Z
Naturemove,Standby,outbound,2026-09-11 16:30,4581,113,415,164,0,5273,2026-09-12T00:20:52Z
Rafa,Broadcast,outbound,2026-09-11 16:30,2930,1305,226,94,0,4555,2026-09-12T00:20:15Z
Richard,Standby,outbound,2026-09-11 16:30,2,0,1,0,5,8,2026-09-12T00:20:17Z
Bernardo,Broadcast,outbound,2026-09-11 16:45,16562,1286,1162,484,0,19494,2026-09-12T00:20:22Z
Havenmove,Standby,outbound,2026-09-11 16:45,884,785,11,12,0,1692,2026-09-12T00:20:18Z
NS,Recuperação,outbound,2026-09-11 16:45,49,0,0,1,0,50,2026-09-12T00:20:16Z
Naturemove,Standby,outbound,2026-09-11 16:45,1227,26,99,50,0,1402,2026-09-12T00:20:52Z
Rafa,Broadcast,outbound,2026-09-11 16:45,4436,786,233,105,0,5560,2026-09-12T00:20:15Z
Richard,Standby,outbound,2026-09-11 16:45,2,0,0,1,3,6,2026-09-12T00:20:17Z
Bernardo,Broadcast,outbound,2026-09-11 17:00,12066,1415,846,1015,0,15342,2026-09-12T00:20:22Z
Havenmove,Standby,outbound,2026-09-11 17:00,693,609,9,6,0,1317,2026-09-12T00:20:18Z
NS,Recuperação,outbound,2026-09-11 17:00,35,0,3,1,0,39,2026-09-12T00:20:16Z
Naturemove,Standby,outbound,2026-09-11 17:00,812,18,76,30,0,936,2026-09-12T00:20:52Z
Rafa,Broadcast,outbound,2026-09-11 17:00,4044,1812,142,120,0,6118,2026-09-12T00:20:15Z
Rehableaf,Standby,outbound,2026-09-11 17:00,0,135,1007,0,0,1142,2026-09-12T00:20:16Z
Richard,Standby,outbound,2026-09-11 17:00,2,799,317,0,3,1121,2026-09-12T00:20:17Z
NS,Recuperação,outbound,2026-09-11 17:15,45,0,0,0,0,45,2026-09-12T00:20:16Z
Rafa,Broadcast,outbound,2026-09-11 17:15,103,0,2,1,0,106,2026-09-12T00:20:15Z
Richard,Standby,outbound,2026-09-11 17:15,4,0,1,0,2,7,2026-09-12T00:20:17Z
NS,Recuperação,outbound,2026-09-11 17:30,45,0,0,0,0,45,2026-09-12T00:20:16Z
Richard,Standby,outbound,2026-09-11 17:30,1,0,0,1,2,4,2026-09-12T00:20:17Z
NS,Recuperação,outbound,2026-09-11 17:45,46,0,1,0,0,47,2026-09-12T00:20:16Z
Richard,Standby,outbound,2026-09-11 17:45,3,0,2,0,0,5,2026-09-12T00:20:17Z
NS,Recuperação,outbound,2026-09-11 18:00,48,0,4,0,0,52,2026-09-12T00:20:16Z
Naturemove,Standby,outbound,2026-09-11 18:00,194,39,5,1,0,239,2026-09-12T00:20:52Z
Richard,Standby,outbound,2026-09-11 18:00,1,0,1,0,4,6,2026-09-12T00:20:17Z
Bernardo,Broadcast,outbound,2026-09-11 18:15,20,0,10,0,0,30,2026-09-12T00:20:22Z
Havenmove,Standby,outbound,2026-09-11 18:15,25,0,10,0,0,35,2026-09-12T00:20:18Z
Joao,Broadcast,outbound,2026-09-11 18:15,55,0,5,0,0,60,2026-09-12T00:20:18Z
NS,Recuperação,outbound,2026-09-11 18:15,81,0,2,0,0,83,2026-09-12T00:20:16Z
Naturemove,Standby,outbound,2026-09-11 18:15,827,204,69,18,0,1118,2026-09-12T00:20:52Z
Rafa,Broadcast,outbound,2026-09-11 18:15,25,0,5,0,0,30,2026-09-12T00:20:15Z
Rehableaf,Standby,outbound,2026-09-11 18:15,20,0,10,0,0,30,2026-09-12T00:20:16Z
Richard,Standby,outbound,2026-09-11 18:15,34,0,15,1,2,52,2026-09-12T00:20:17Z
Bernardo,Broadcast,outbound,2026-09-11 18:30,4,0,2,0,0,6,2026-09-12T00:20:22Z
Havenmove,Standby,outbound,2026-09-11 18:30,5,0,2,0,0,7,2026-09-12T00:20:18Z
Joao,Broadcast,outbound,2026-09-11 18:30,11,0,1,0,0,12,2026-09-12T00:20:18Z
NS,Recuperação,outbound,2026-09-11 18:30,55,0,1,0,0,56,2026-09-12T00:20:16Z
Naturemove,Standby,outbound,2026-09-11 18:30,5405,1042,251,152,0,6850,2026-09-12T00:20:52Z
Rafa,Broadcast,outbound,2026-09-11 18:30,5,0,1,0,0,6,2026-09-12T00:20:15Z
Rehableaf,Standby,outbound,2026-09-11 18:30,4,0,2,0,0,6,2026-09-12T00:20:16Z
Richard,Standby,outbound,2026-09-11 18:30,9,0,3,0,3,15,2026-09-12T00:20:17Z
Bernardo,Broadcast,outbound,2026-09-11 18:45,16,0,8,0,0,24,2026-09-12T00:20:22Z
Havenmove,Standby,outbound,2026-09-11 18:45,20,0,8,0,0,28,2026-09-12T00:20:18Z
Joao,Broadcast,outbound,2026-09-11 18:45,44,0,4,0,0,48,2026-09-12T00:20:18Z
NS,Recuperação,outbound,2026-09-11 18:45,73,0,1,1,0,75,2026-09-12T00:20:16Z
Naturemove,Standby,outbound,2026-09-11 18:45,5427,866,260,153,0,6706,2026-09-12T00:20:52Z
Rafa,Broadcast,outbound,2026-09-11 18:45,20,0,4,0,0,24,2026-09-12T00:20:15Z
Rehableaf,Standby,outbound,2026-09-11 18:45,16,0,8,0,0,24,2026-09-12T00:20:16Z
Richard,Standby,outbound,2026-09-11 18:45,24,0,12,0,0,36,2026-09-12T00:20:17Z
Bernardo,Broadcast,outbound,2026-09-11 19:00,24,0,12,0,0,36,2026-09-12T00:20:22Z
Havenmove,Standby,outbound,2026-09-11 19:00,30,0,12,0,0,42,2026-09-12T00:20:18Z
Joao,Broadcast,outbound,2026-09-11 19:00,66,0,6,0,0,72,2026-09-12T00:20:18Z
NS,Recuperação,outbound,2026-09-11 19:00,100,4,1,3,0,108,2026-09-12T00:20:16Z
Naturemove,Standby,outbound,2026-09-11 19:00,5330,864,282,246,0,6722,2026-09-12T00:20:52Z
Rafa,Broadcast,outbound,2026-09-11 19:00,30,0,6,0,0,36,2026-09-12T00:20:15Z
Rehableaf,Standby,outbound,2026-09-11 19:00,24,0,12,0,0,36,2026-09-12T00:20:16Z
Richard,Standby,outbound,2026-09-11 19:00,36,0,18,0,1,55,2026-09-12T00:20:17Z
Bernardo,Broadcast,outbound,2026-09-11 19:15,28,0,14,0,0,42,2026-09-12T00:20:22Z
Havenmove,Standby,outbound,2026-09-11 19:15,30,0,12,0,0,42,2026-09-12T00:20:18Z
Joao,Broadcast,outbound,2026-09-11 19:15,70,0,6,0,0,76,2026-09-12T00:20:18Z
NS,Recuperação,outbound,2026-09-11 19:15,91,0,1,1,0,93,2026-09-12T00:20:16Z
Naturemove,Standby,outbound,2026-09-11 19:15,5421,880,295,143,0,6739,2026-09-12T00:20:52Z
Rafa,Broadcast,outbound,2026-09-11 19:15,30,0,6,0,0,36,2026-09-12T00:20:15Z
Rehableaf,Standby,outbound,2026-09-11 19:15,24,0,12,0,0,36,2026-09-12T00:20:16Z
Richard,Standby,outbound,2026-09-11 19:15,38,0,19,0,1,58,2026-09-12T00:20:17Z
Bernardo,Broadcast,outbound,2026-09-11 19:30,20,0,10,0,0,30,2026-09-12T00:20:22Z
Havenmove,Standby,outbound,2026-09-11 19:30,30,0,12,0,0,42,2026-09-12T00:20:18Z
Joao,Broadcast,outbound,2026-09-11 19:30,62,0,6,0,0,68,2026-09-12T00:20:18Z
NS,Recuperação,outbound,2026-09-11 19:30,89,0,0,0,0,89,2026-09-12T00:20:16Z
Naturemove,Standby,outbound,2026-09-11 19:30,5450,917,273,135,0,6775,2026-09-12T00:20:52Z
Rafa,Broadcast,outbound,2026-09-11 19:30,30,0,6,0,0,36,2026-09-12T00:20:15Z
Rehableaf,Standby,outbound,2026-09-11 19:30,24,0,12,0,0,36,2026-09-12T00:20:16Z
Richard,Standby,outbound,2026-09-11 19:30,36,0,19,0,2,57,2026-09-12T00:20:17Z
Bernardo,Broadcast,outbound,2026-09-11 19:45,24,0,12,0,0,36,2026-09-12T00:20:22Z
Havenmove,Standby,outbound,2026-09-11 19:45,30,0,12,0,0,42,2026-09-12T00:20:18Z
Joao,Broadcast,outbound,2026-09-11 19:45,66,0,6,0,0,72,2026-09-12T00:20:18Z
NS,Recuperação,outbound,2026-09-11 19:45,73,0,2,0,0,75,2026-09-12T00:20:16Z
Naturemove,Standby,outbound,2026-09-11 19:45,5427,927,269,164,0,6787,2026-09-12T00:20:52Z
Rafa,Broadcast,outbound,2026-09-11 19:45,30,0,6,0,0,36,2026-09-12T00:20:15Z
Rehableaf,Standby,outbound,2026-09-11 19:45,24,0,12,0,0,36,2026-09-12T00:20:16Z
Richard,Standby,outbound,2026-09-11 19:45,36,0,19,0,1,56,2026-09-12T00:20:17Z
Bernardo,Broadcast,outbound,2026-09-11 20:00,24,0,12,0,0,36,2026-09-12T00:20:22Z
Havenmove,Standby,outbound,2026-09-11 20:00,30,0,12,0,0,42,2026-09-12T00:20:18Z
Joao,Broadcast,outbound,2026-09-11 20:00,66,0,6,0,0,72,2026-09-12T00:20:18Z
NS,Recuperação,outbound,2026-09-11 20:00,78,0,1,0,0,79,2026-09-12T00:20:16Z
Naturemove,Standby,outbound,2026-09-11 20:00,7573,7196,419,252,0,15440,2026-09-12T00:20:52Z
Rafa,Broadcast,outbound,2026-09-11 20:00,30,0,6,0,0,36,2026-09-12T00:20:15Z
Rehableaf,Standby,outbound,2026-09-11 20:00,24,0,12,0,0,36,2026-09-12T00:20:16Z
Richard,Standby,outbound,2026-09-11 20:00,39,0,18,0,2,59,2026-09-12T00:20:17Z
Bernardo,Broadcast,outbound,2026-09-11 20:15,24,0,12,0,0,36,2026-09-12T00:20:22Z
Havenmove,Standby,outbound,2026-09-11 20:15,30,0,12,0,0,42,2026-09-12T00:20:18Z
Joao,Broadcast,outbound,2026-09-11 20:15,66,0,6,0,0,72,2026-09-12T00:20:18Z
NS,Recuperação,outbound,2026-09-11 20:15,78,0,0,0,0,78,2026-09-12T00:20:16Z
Naturemove,Standby,outbound,2026-09-11 20:15,15036,2910,740,388,0,19074,2026-09-12T00:20:52Z
Rafa,Broadcast,outbound,2026-09-11 20:15,30,0,6,0,0,36,2026-09-12T00:20:15Z
Rehableaf,Standby,outbound,2026-09-11 20:15,24,0,12,0,0,36,2026-09-12T00:20:16Z
Richard,Standby,outbound,2026-09-11 20:15,37,0,19,0,2,58,2026-09-12T00:20:17Z
Bernardo,Broadcast,outbound,2026-09-11 20:30,24,0,12,0,0,36,2026-09-12T00:20:22Z
Havenmove,Standby,outbound,2026-09-11 20:30,30,0,12,0,0,42,2026-09-12T00:20:18Z
Joao,Broadcast,outbound,2026-09-11 20:30,66,0,6,0,0,72,2026-09-12T00:20:18Z
NS,Recuperação,outbound,2026-09-11 20:30,75,1,1,2,0,79,2026-09-12T00:20:16Z
Naturemove,Standby,outbound,2026-09-11 20:30,15128,3146,705,380,0,19359,2026-09-12T00:20:52Z
Rafa,Broadcast,outbound,2026-09-11 20:30,30,0,6,0,0,36,2026-09-12T00:20:15Z
Rehableaf,Standby,outbound,2026-09-11 20:30,22,0,10,0,0,32,2026-09-12T00:20:16Z
Richard,Standby,outbound,2026-09-11 20:30,34,0,16,0,3,53,2026-09-12T00:20:17Z
Bernardo,Broadcast,outbound,2026-09-11 20:45,20,0,10,0,0,30,2026-09-12T00:20:22Z
Havenmove,Standby,outbound,2026-09-11 20:45,25,0,10,0,0,35,2026-09-12T00:20:18Z
Joao,Broadcast,outbound,2026-09-11 20:45,55,0,5,0,0,60,2026-09-12T00:20:18Z
NS,Recuperação,outbound,2026-09-11 20:45,63,1,1,1,0,66,2026-09-12T00:20:16Z
Naturemove,Standby,outbound,2026-09-11 20:45,14309,3125,743,385,0,18562,2026-09-12T00:20:52Z
Rafa,Broadcast,outbound,2026-09-11 20:45,25,0,5,0,0,30,2026-09-12T00:20:15Z
Rehableaf,Standby,outbound,2026-09-11 20:45,21,0,12,0,0,33,2026-09-12T00:20:16Z
Richard,Standby,outbound,2026-09-11 20:45,33,0,15,0,1,49,2026-09-12T00:20:17Z
Bernardo,Broadcast,outbound,2026-09-11 21:00,12,0,6,0,0,18,2026-09-12T00:20:22Z
Havenmove,Standby,outbound,2026-09-11 21:00,15,0,6,0,0,21,2026-09-12T00:20:18Z
Joao,Broadcast,outbound,2026-09-11 21:00,33,0,3,0,0,36,2026-09-12T00:20:18Z
NS,Recuperação,outbound,2026-09-11 21:00,66,1,3,0,0,70,2026-09-12T00:20:16Z
Naturemove,Standby,outbound,2026-09-11 21:00,14956,26643,861,455,0,42915,2026-09-12T00:20:52Z
Rafa,Broadcast,outbound,2026-09-11 21:00,15,0,3,0,0,18,2026-09-12T00:20:15Z
Rehableaf,Standby,outbound,2026-09-11 21:00,13,0,6,0,0,19,2026-09-12T00:20:16Z
Richard,Standby,outbound,2026-09-11 21:00,26,0,15,1,4,46,2026-09-12T00:20:17Z
NS,Recuperação,outbound,2026-09-11 21:15,33,0,2,0,0,35,2026-09-12T00:20:16Z
Naturemove,Standby,outbound,2026-09-11 21:15,20786,16113,1228,663,0,38790,2026-09-12T00:20:52Z
Richard,Standby,outbound,2026-09-11 21:15,0,0,0,0,5,5,2026-09-12T00:20:17Z
NS,Recuperação,outbound,2026-09-11 21:30,43,0,0,1,0,44,2026-09-12T00:20:16Z
Naturemove,Standby,outbound,2026-09-11 21:30,20606,0,890,628,0,22124,2026-09-12T00:20:52Z
Richard,Standby,outbound,2026-09-11 21:30,3,0,0,0,1,4,2026-09-12T00:20:17Z
Bernardo,Broadcast,outbound,2026-09-11 21:45,5388,1491,288,156,0,7323,2026-09-12T00:20:22Z
NS,Recuperação,outbound,2026-09-11 21:45,26,0,1,1,0,28,2026-09-12T00:20:16Z
Naturemove,Standby,outbound,2026-09-11 21:45,17718,790,845,550,0,19903,2026-09-12T00:20:52Z
Rafa,Broadcast,outbound,2026-09-11 21:45,884,691,50,25,0,1650,2026-09-12T00:20:15Z
Richard,Standby,outbound,2026-09-11 21:45,1,0,2,0,1,4,2026-09-12T00:20:17Z
Bernardo,Broadcast,outbound,2026-09-11 22:00,16403,3141,926,849,0,21319,2026-09-12T00:20:22Z
Havenmove,Standby,outbound,2026-09-11 22:00,850,55,39,34,0,978,2026-09-12T00:20:18Z
NS,Recuperação,outbound,2026-09-11 22:00,40,0,1,0,0,41,2026-09-12T00:20:16Z
Naturemove,Standby,outbound,2026-09-11 22:00,13991,1283,705,584,0,16563,2026-09-12T00:20:52Z
Rafa,Broadcast,outbound,2026-09-11 22:00,2996,1556,155,102,0,4809,2026-09-12T00:20:15Z
Rehableaf,Standby,outbound,2026-09-11 22:00,1060,62,224,31,0,1377,2026-09-12T00:20:16Z
Richard,Standby,outbound,2026-09-11 22:00,2,140,53,1,2,198,2026-09-12T00:20:17Z
Bernardo,Broadcast,outbound,2026-09-11 22:15,18821,2113,1210,624,0,22768,2026-09-12T00:20:22Z
Havenmove,Standby,outbound,2026-09-11 22:15,3115,392,161,104,0,3772,2026-09-12T00:20:18Z
NS,Recuperação,outbound,2026-09-11 22:15,44,1,3,0,0,48,2026-09-12T00:20:16Z
Naturemove,Standby,outbound,2026-09-11 22:15,7186,0,312,246,0,7744,2026-09-12T00:20:52Z
Rafa,Broadcast,outbound,2026-09-11 22:15,4315,1229,189,133,0,5866,2026-09-12T00:20:15Z
Rehableaf,Standby,outbound,2026-09-11 22:15,2377,158,842,86,0,3463,2026-09-12T00:20:16Z
Richard,Standby,outbound,2026-09-11 22:15,6,619,250,0,2,877,2026-09-12T00:20:17Z
Bernardo,Broadcast,outbound,2026-09-11 22:30,14693,1990,889,546,0,18118,2026-09-12T00:20:22Z
Havenmove,Standby,outbound,2026-09-11 22:30,3038,481,154,97,0,3770,2026-09-12T00:20:18Z
NS,Recuperação,outbound,2026-09-11 22:30,42,0,0,2,0,44,2026-09-12T00:20:16Z
Naturemove,Standby,outbound,2026-09-11 22:30,3107,14,173,90,0,3384,2026-09-12T00:20:52Z
Rafa,Broadcast,outbound,2026-09-11 22:30,4307,1232,136,104,0,5779,2026-09-12T00:20:15Z
Rehableaf,Standby,outbound,2026-09-11 22:30,2401,139,700,66,0,3306,2026-09-12T00:20:16Z
Richard,Standby,outbound,2026-09-11 22:30,2,508,203,1,0,714,2026-09-12T00:20:17Z
Bernardo,Broadcast,outbound,2026-09-11 22:45,13519,574,917,538,0,15548,2026-09-12T00:20:22Z
Havenmove,Standby,outbound,2026-09-11 22:45,3411,303,194,120,0,4028,2026-09-12T00:20:18Z
NS,Recuperação,outbound,2026-09-11 22:45,38,0,0,0,0,38,2026-09-12T00:20:16Z
Naturemove,Standby,outbound,2026-09-11 22:45,819,2,26,40,0,887,2026-09-12T00:20:52Z
Rafa,Broadcast,outbound,2026-09-11 22:45,2492,52,155,75,0,2774,2026-09-12T00:20:15Z
Rehableaf,Standby,outbound,2026-09-11 22:45,2281,1,181,66,0,2529,2026-09-12T00:20:16Z
Richard,Standby,outbound,2026-09-11 22:45,2,0,1,0,1,4,2026-09-12T00:20:17Z
NS,Recuperação,outbound,2026-09-11 23:00,32,1,1,0,0,34,2026-09-12T00:20:16Z
Naturemove,Standby,outbound,2026-09-11 23:00,74,0,5,5,0,84,2026-09-12T00:20:52Z
Rafa,Broadcast,outbound,2026-09-11 23:00,2398,0,159,116,0,2673,2026-09-12T00:20:15Z
Rehableaf,Standby,outbound,2026-09-11 23:00,1477,0,104,65,0,1646,2026-09-12T00:20:16Z
Richard,Standby,outbound,2026-09-11 23:00,2,0,0,0,1,3,2026-09-12T00:20:17Z
NS,Recuperação,outbound,2026-09-11 23:15,49,0,0,0,0,49,2026-09-12T00:20:16Z
Rafa,Broadcast,outbound,2026-09-11 23:15,2397,0,155,103,0,2655,2026-09-12T00:20:15Z
Richard,Standby,outbound,2026-09-11 23:15,1,0,0,0,1,2,2026-09-12T00:20:17Z
NS,Recuperação,outbound,2026-09-11 23:30,38,0,3,1,0,42,2026-09-12T00:20:16Z
Rafa,Broadcast,outbound,2026-09-11 23:30,2063,0,167,94,0,2324,2026-09-12T00:20:15Z
Richard,Standby,outbound,2026-09-11 23:30,0,0,0,1,1,2,2026-09-12T00:20:17Z
NS,Recuperação,outbound,2026-09-11 23:45,32,1,1,1,0,35,2026-09-12T00:20:16Z
Rafa,Broadcast,outbound,2026-09-11 23:45,547,0,37,27,0,611,2026-09-12T00:20:15Z
Richard,Standby,outbound,2026-09-11 23:45,0,0,0,0,1,1,2026-09-12T00:20:17Z
NS,Recuperação,outbound,2026-09-12 00:00,43,0,4,1,0,48,2026-09-12T00:20:16Z
Richard,Standby,outbound,2026-09-12 00:00,8,0,0,3,1,12,2026-09-12T00:20:17Z
NS,Recuperação,outbound,2026-09-12 00:15,8,0,1,1,0,10,2026-09-12T00:20:16Z
Richard,Standby,outbound,2026-09-12 00:15,2,0,0,1,0,3,2026-09-12T00:20:17Z
