Conta,Range,TotalPrice_Totalprice,SMS_Count,SMS_Usage,SMS_Price,Sum_Price_NoTotalprice,SMS_Subcategories_Sample,Extraido_Utc
NS,StartDate=2026-09-09 EndDate=2026-09-10 UTC (cover_days; soma dias GMT tocados pela janela ~24h — alinhamento tipico a SMS Transactions / Insights Last 24h; totalprice pode diferir do cartao Total Spend),276.502800,6596,14320,144.261820,841.697100,sms-outbound:6323|sms-messages-carrierfees:6117|sms-outbound-tollfree:5939|sms-outbound-longcode:384|sms-inbound:273,2026-09-10T20:52:06Z
Joao,StartDate=2026-09-09 EndDate=2026-09-10 UTC (cover_days; soma dias GMT tocados pela janela ~24h — alinhamento tipico a SMS Transactions / Insights Last 24h; totalprice pode diferir do cartao Total Spend),2219.957620,275588,275918,824.994820,6090.025780,sms-messages-carrierfees:272157|sms-outbound:268771|sms-outbound-tollfree:268763|sms-inbound:6817|sms-inbound-tollfree:6803,2026-09-10T20:52:06Z
Bernardo,StartDate=2026-09-09 EndDate=2026-09-10 UTC (cover_days; soma dias GMT tocados pela janela ~24h — alinhamento tipico a SMS Transactions / Insights Last 24h; totalprice pode diferir do cartao Total Spend),1577.081020,219809,220428,659.079720,4473.195350,sms-messages-carrierfees:216652|sms-outbound:215182|sms-outbound-tollfree:215177|sms-inbound:4627|sms-inbound-tollfree:4618,2026-09-10T20:52:06Z
Rafa,StartDate=2026-09-09 EndDate=2026-09-10 UTC (cover_days; soma dias GMT tocados pela janela ~24h — alinhamento tipico a SMS Transactions / Insights Last 24h; totalprice pode diferir do cartao Total Spend),1373.489820,192961,193468,585.009920,3918.434220,sms-messages-carrierfees:187123|sms-outbound:181140|sms-outbound-tollfree:181105|sms-inbound:11821|sms-inbound-tollfree:11797,2026-09-10T20:52:06Z
Havenmove,StartDate=2026-09-09 EndDate=2026-09-10 UTC (cover_days; soma dias GMT tocados pela janela ~24h — alinhamento tipico a SMS Transactions / Insights Last 24h; totalprice pode diferir do cartao Total Spend),1177.707950,163230,163595,489.149050,3334.418940,sms-messages-carrierfees:161345|sms-outbound:160679|sms-outbound-tollfree:160676|sms-inbound:2551|sms-inbound-tollfree:2547,2026-09-10T20:52:06Z
Rehableaf,StartDate=2026-09-09 EndDate=2026-09-10 UTC (cover_days; soma dias GMT tocados pela janela ~24h — alinhamento tipico a SMS Transactions / Insights Last 24h; totalprice pode diferir do cartao Total Spend),348.758090,49014,49111,146.841890,991.684900,sms-messages-carrierfees:47980|sms-outbound-tollfree:46998|sms-outbound:46998|sms-inbound:2016|sms-inbound-tollfree:2010,2026-09-10T20:52:06Z
Richard,StartDate=2026-09-09 EndDate=2026-09-10 UTC (cover_days; soma dias GMT tocados pela janela ~24h — alinhamento tipico a SMS Transactions / Insights Last 24h; totalprice pode diferir do cartao Total Spend),376.875800,48981,49105,146.823950,1066.610640,sms-messages-carrierfees:48242|sms-outbound-tollfree:47813|sms-outbound:47813|sms-inbound:1168|sms-inbound-tollfree:1167,2026-09-10T20:52:06Z
Naturemove,StartDate=2026-09-09 EndDate=2026-09-10 UTC (cover_days; soma dias GMT tocados pela janela ~24h — alinhamento tipico a SMS Transactions / Insights Last 24h; totalprice pode diferir do cartao Total Spend),3286.109380,458176,458952,1372.266480,9319.086400,sms-messages-carrierfees:452460|sms-outbound:445820|sms-outbound-tollfree:445811|sms-inbound:12356|sms-inbound-tollfree:12333,2026-09-10T20:52:06Z
__ORG_SUM__,StartDate=2026-09-09 EndDate=2026-09-10 UTC (cover_days; soma dias GMT tocados pela janela ~24h — alinhamento tipico a SMS Transactions / Insights Last 24h; totalprice pode diferir do cartao Total Spend),10636.482480,1414355,1424897,,,,2026-09-10T20:52:06Z
